--------------------------------------------------------
--  File created - Monday-December-24-2018   
--------------------------------------------------------
--------------------------------------------------------
--  DDL for Sequence EFFECTED_SEQ
--------------------------------------------------------

   CREATE SEQUENCE  "SA"."EFFECTED_SEQ"  MINVALUE 1 MAXVALUE 9999999999999999999999999999 INCREMENT BY 1 START WITH 41 CACHE 20 NOORDER  NOCYCLE  NOKEEP  NOSCALE  GLOBAL ;
--------------------------------------------------------
--  DDL for Table ACTION
--------------------------------------------------------

  CREATE TABLE "SA"."ACTION" 
   (	"ACTIONID" NUMBER(*,0), 
	"ACTIONTYPE" NVARCHAR2(30), 
	"CREATORID" NUMBER(*,0), 
	"DESTINATIONID" NUMBER(*,0), 
	"ACTIONDATE" DATE
   ) SEGMENT CREATION IMMEDIATE 
  PCTFREE 10 PCTUSED 40 INITRANS 1 MAXTRANS 255 
 NOCOMPRESS LOGGING
  STORAGE(INITIAL 65536 NEXT 1048576 MINEXTENTS 1 MAXEXTENTS 2147483645
  PCTINCREASE 0 FREELISTS 1 FREELIST GROUPS 1
  BUFFER_POOL DEFAULT FLASH_CACHE DEFAULT CELL_FLASH_CACHE DEFAULT)
  TABLESPACE "USERS" ;
--------------------------------------------------------
--  DDL for Table ADS
--------------------------------------------------------

  CREATE TABLE "SA"."ADS" 
   (	"ANNOUNCEMENTID" NUMBER(*,0), 
	"TEXT" NVARCHAR2(50), 
	"AGE" NVARCHAR2(10), 
	"GENDER" NVARCHAR2(10), 
	"STARTDATE" DATE, 
	"ENDDATE" DATE, 
	"PAYMENTTYPE" NVARCHAR2(10), 
	"PRICE" NUMBER(10,2), 
	"PAYORSSN" NVARCHAR2(20), 
	"CREATORID" NUMBER(*,0)
   ) SEGMENT CREATION DEFERRED 
  PCTFREE 10 PCTUSED 40 INITRANS 1 MAXTRANS 255 
 NOCOMPRESS LOGGING
  TABLESPACE "USERS" ;
--------------------------------------------------------
--  DDL for Table ALBUM
--------------------------------------------------------

  CREATE TABLE "SA"."ALBUM" 
   (	"ACTIONID" NUMBER(*,0), 
	"ALBUMNAME" NVARCHAR2(50), 
	"ALBUMDESCRIPTION" NVARCHAR2(250), 
	"PRIVACY" NVARCHAR2(20)
   ) SEGMENT CREATION DEFERRED 
  PCTFREE 10 PCTUSED 40 INITRANS 1 MAXTRANS 255 
 NOCOMPRESS LOGGING
  TABLESPACE "USERS" ;
--------------------------------------------------------
--  DDL for Table BOOKMARK
--------------------------------------------------------

  CREATE TABLE "SA"."BOOKMARK" 
   (	"USERID" NUMBER(*,0), 
	"ACTIONID" NUMBER(*,0), 
	"SAVEDDATE" DATE, 
	"BOOKMARKLABEL" NVARCHAR2(50)
   ) SEGMENT CREATION DEFERRED 
  PCTFREE 10 PCTUSED 40 INITRANS 1 MAXTRANS 255 
 NOCOMPRESS LOGGING
  TABLESPACE "USERS" ;
--------------------------------------------------------
--  DDL for Table CITY
--------------------------------------------------------

  CREATE TABLE "SA"."CITY" 
   (	"COUNTRYCODE" NVARCHAR2(5), 
	"CITYNAME" NVARCHAR2(30)
   ) SEGMENT CREATION IMMEDIATE 
  PCTFREE 10 PCTUSED 40 INITRANS 1 MAXTRANS 255 
 NOCOMPRESS LOGGING
  STORAGE(INITIAL 65536 NEXT 1048576 MINEXTENTS 1 MAXEXTENTS 2147483645
  PCTINCREASE 0 FREELISTS 1 FREELIST GROUPS 1
  BUFFER_POOL DEFAULT FLASH_CACHE DEFAULT CELL_FLASH_CACHE DEFAULT)
  TABLESPACE "USERS" ;
--------------------------------------------------------
--  DDL for Table COMMUNITY
--------------------------------------------------------

  CREATE TABLE "SA"."COMMUNITY" 
   (	"COMMUNITYID" NUMBER(*,0), 
	"USERID" NUMBER(*,0), 
	"COMMUNITYNAME" NVARCHAR2(200), 
	"CREATEDDATE" DATE, 
	"PROFILEPHOTO" NVARCHAR2(100), 
	"COVERPHOTO" NVARCHAR2(100), 
	"CATEGORYNAME" NVARCHAR2(15), 
	"COMMUNITYTYPE" NVARCHAR2(7), 
	"CREATORID" NUMBER(*,0)
   ) SEGMENT CREATION IMMEDIATE 
  PCTFREE 10 PCTUSED 40 INITRANS 1 MAXTRANS 255 
 NOCOMPRESS LOGGING
  STORAGE(INITIAL 65536 NEXT 1048576 MINEXTENTS 1 MAXEXTENTS 2147483645
  PCTINCREASE 0 FREELISTS 1 FREELIST GROUPS 1
  BUFFER_POOL DEFAULT FLASH_CACHE DEFAULT CELL_FLASH_CACHE DEFAULT)
  TABLESPACE "USERS" ;
--------------------------------------------------------
--  DDL for Table COMMUNITY_CATEGORY
--------------------------------------------------------

  CREATE TABLE "SA"."COMMUNITY_CATEGORY" 
   (	"CATEGORYNAME" NVARCHAR2(50), 
	"CATEGORYDESCRIPTION" NVARCHAR2(100)
   ) SEGMENT CREATION IMMEDIATE 
  PCTFREE 10 PCTUSED 40 INITRANS 1 MAXTRANS 255 
 NOCOMPRESS LOGGING
  STORAGE(INITIAL 65536 NEXT 1048576 MINEXTENTS 1 MAXEXTENTS 2147483645
  PCTINCREASE 0 FREELISTS 1 FREELIST GROUPS 1
  BUFFER_POOL DEFAULT FLASH_CACHE DEFAULT CELL_FLASH_CACHE DEFAULT)
  TABLESPACE "USERS" ;
--------------------------------------------------------
--  DDL for Table COMMUNITY_ROLE
--------------------------------------------------------

  CREATE TABLE "SA"."COMMUNITY_ROLE" 
   (	"USERID" NUMBER(*,0), 
	"COMMUNITYID" NUMBER(*,0), 
	"OWNERID" NUMBER(*,0), 
	"ROLETYPE" NVARCHAR2(20)
   ) SEGMENT CREATION DEFERRED 
  PCTFREE 10 PCTUSED 40 INITRANS 1 MAXTRANS 255 
 NOCOMPRESS LOGGING
  TABLESPACE "USERS" ;
--------------------------------------------------------
--  DDL for Table COMPANY
--------------------------------------------------------

  CREATE TABLE "SA"."COMPANY" 
   (	"PROFILEINFOID" NUMBER(*,0), 
	"COMMUNITYID" NUMBER(*,0), 
	"USERID" NUMBER(*,0), 
	"TEXT" NVARCHAR2(50), 
	"STARTDATE" DATE, 
	"ENDDATE" DATE
   ) SEGMENT CREATION IMMEDIATE 
  PCTFREE 10 PCTUSED 40 INITRANS 1 MAXTRANS 255 
 NOCOMPRESS LOGGING
  STORAGE(INITIAL 65536 NEXT 1048576 MINEXTENTS 1 MAXEXTENTS 2147483645
  PCTINCREASE 0 FREELISTS 1 FREELIST GROUPS 1
  BUFFER_POOL DEFAULT FLASH_CACHE DEFAULT CELL_FLASH_CACHE DEFAULT)
  TABLESPACE "USERS" ;
--------------------------------------------------------
--  DDL for Table COUNTRY
--------------------------------------------------------

  CREATE TABLE "SA"."COUNTRY" 
   (	"CODE" NVARCHAR2(5), 
	"COUNTRYNAME" NVARCHAR2(50)
   ) SEGMENT CREATION IMMEDIATE 
  PCTFREE 10 PCTUSED 40 INITRANS 1 MAXTRANS 255 
 NOCOMPRESS LOGGING
  STORAGE(INITIAL 65536 NEXT 1048576 MINEXTENTS 1 MAXEXTENTS 2147483645
  PCTINCREASE 0 FREELISTS 1 FREELIST GROUPS 1
  BUFFER_POOL DEFAULT FLASH_CACHE DEFAULT CELL_FLASH_CACHE DEFAULT)
  TABLESPACE "USERS" ;
--------------------------------------------------------
--  DDL for Table CREATOR
--------------------------------------------------------

  CREATE TABLE "SA"."CREATOR" 
   (	"CREATORID" NUMBER(*,0), 
	"EFFECTEDID" NUMBER(*,0)
   ) SEGMENT CREATION IMMEDIATE 
  PCTFREE 10 PCTUSED 40 INITRANS 1 MAXTRANS 255 
 NOCOMPRESS LOGGING
  STORAGE(INITIAL 65536 NEXT 1048576 MINEXTENTS 1 MAXEXTENTS 2147483645
  PCTINCREASE 0 FREELISTS 1 FREELIST GROUPS 1
  BUFFER_POOL DEFAULT FLASH_CACHE DEFAULT CELL_FLASH_CACHE DEFAULT)
  TABLESPACE "USERS" ;
--------------------------------------------------------
--  DDL for Table CREATOR_COMMENT
--------------------------------------------------------

  CREATE TABLE "SA"."CREATOR_COMMENT" 
   (	"ACTIONID" NUMBER(*,0), 
	"COMMENTCONTENT" NVARCHAR2(200), 
	"EFFECTEDID" NUMBER(*,0)
   ) SEGMENT CREATION DEFERRED 
  PCTFREE 10 PCTUSED 40 INITRANS 1 MAXTRANS 255 
 NOCOMPRESS LOGGING
  TABLESPACE "USERS" ;
--------------------------------------------------------
--  DDL for Table CREATOR_LIKE
--------------------------------------------------------

  CREATE TABLE "SA"."CREATOR_LIKE" 
   (	"ACTIONID" NUMBER(*,0), 
	"EMOJI" NVARCHAR2(20)
   ) SEGMENT CREATION IMMEDIATE 
  PCTFREE 10 PCTUSED 40 INITRANS 1 MAXTRANS 255 
 NOCOMPRESS LOGGING
  STORAGE(INITIAL 65536 NEXT 1048576 MINEXTENTS 1 MAXEXTENTS 2147483645
  PCTINCREASE 0 FREELISTS 1 FREELIST GROUPS 1
  BUFFER_POOL DEFAULT FLASH_CACHE DEFAULT CELL_FLASH_CACHE DEFAULT)
  TABLESPACE "USERS" ;
--------------------------------------------------------
--  DDL for Table CREATOR_NOTIFICATION
--------------------------------------------------------

  CREATE TABLE "SA"."CREATOR_NOTIFICATION" 
   (	"CREATORID" NUMBER(*,0), 
	"ACTIONID" NUMBER(*,0), 
	"NOTIFICATIONCONTENT" NVARCHAR2(50)
   ) SEGMENT CREATION IMMEDIATE 
  PCTFREE 10 PCTUSED 40 INITRANS 1 MAXTRANS 255 
 NOCOMPRESS LOGGING
  STORAGE(INITIAL 65536 NEXT 1048576 MINEXTENTS 1 MAXEXTENTS 2147483645
  PCTINCREASE 0 FREELISTS 1 FREELIST GROUPS 1
  BUFFER_POOL DEFAULT FLASH_CACHE DEFAULT CELL_FLASH_CACHE DEFAULT)
  TABLESPACE "USERS" ;
--------------------------------------------------------
--  DDL for Table CREATOR_SHARE
--------------------------------------------------------

  CREATE TABLE "SA"."CREATOR_SHARE" 
   (	"ACTIONID" NUMBER(*,0), 
	"SHARECONTENT" NVARCHAR2(200), 
	"SHARETYPE" NVARCHAR2(10), 
	"EFFECTEDID" NUMBER(*,0), 
	"COUNTRYCODE" NVARCHAR2(5), 
	"CITYNAME" NVARCHAR2(30), 
	"PARENTID" NUMBER(*,0)
   ) SEGMENT CREATION IMMEDIATE 
  PCTFREE 10 PCTUSED 40 INITRANS 1 MAXTRANS 255 
 NOCOMPRESS LOGGING
  STORAGE(INITIAL 65536 NEXT 1048576 MINEXTENTS 1 MAXEXTENTS 2147483645
  PCTINCREASE 0 FREELISTS 1 FREELIST GROUPS 1
  BUFFER_POOL DEFAULT FLASH_CACHE DEFAULT CELL_FLASH_CACHE DEFAULT)
  TABLESPACE "USERS" ;
--------------------------------------------------------
--  DDL for Table DOCUMENT
--------------------------------------------------------

  CREATE TABLE "SA"."DOCUMENT" 
   (	"CONTENTID" NUMBER(*,0), 
	"ACTIONID" NUMBER(*,0)
   ) SEGMENT CREATION IMMEDIATE 
  PCTFREE 10 PCTUSED 40 INITRANS 1 MAXTRANS 255 
 NOCOMPRESS LOGGING
  STORAGE(INITIAL 65536 NEXT 1048576 MINEXTENTS 1 MAXEXTENTS 2147483645
  PCTINCREASE 0 FREELISTS 1 FREELIST GROUPS 1
  BUFFER_POOL DEFAULT FLASH_CACHE DEFAULT CELL_FLASH_CACHE DEFAULT)
  TABLESPACE "USERS" ;
--------------------------------------------------------
--  DDL for Table EFFECTED
--------------------------------------------------------

  CREATE TABLE "SA"."EFFECTED" 
   (	"EFFECTEDID" NUMBER(*,0)
   ) SEGMENT CREATION IMMEDIATE 
  PCTFREE 10 PCTUSED 40 INITRANS 1 MAXTRANS 255 
 NOCOMPRESS LOGGING
  STORAGE(INITIAL 65536 NEXT 1048576 MINEXTENTS 1 MAXEXTENTS 2147483645
  PCTINCREASE 0 FREELISTS 1 FREELIST GROUPS 1
  BUFFER_POOL DEFAULT FLASH_CACHE DEFAULT CELL_FLASH_CACHE DEFAULT)
  TABLESPACE "USERS" ;
--------------------------------------------------------
--  DDL for Table EVENT
--------------------------------------------------------

  CREATE TABLE "SA"."EVENT" 
   (	"ACTIONID" NUMBER(*,0), 
	"EVENTNAME" NVARCHAR2(50)
   ) SEGMENT CREATION DEFERRED 
  PCTFREE 10 PCTUSED 40 INITRANS 1 MAXTRANS 255 
 NOCOMPRESS LOGGING
  TABLESPACE "USERS" ;
--------------------------------------------------------
--  DDL for Table EVENT_JOIN_STATUS
--------------------------------------------------------

  CREATE TABLE "SA"."EVENT_JOIN_STATUS" 
   (	"ACTIONID" NUMBER(*,0), 
	"USERID" NUMBER(*,0), 
	"STATUS" NVARCHAR2(10)
   ) SEGMENT CREATION DEFERRED 
  PCTFREE 10 PCTUSED 40 INITRANS 1 MAXTRANS 255 
 NOCOMPRESS LOGGING
  TABLESPACE "USERS" ;
--------------------------------------------------------
--  DDL for Table FACEBOOK_USER
--------------------------------------------------------

  CREATE TABLE "SA"."FACEBOOK_USER" 
   (	"USERID" NUMBER(*,0), 
	"FNAME" NVARCHAR2(50), 
	"MNAME" NVARCHAR2(50), 
	"LNAME" NVARCHAR2(50), 
	"BIRTHDAY" DATE, 
	"GENDER" NVARCHAR2(6), 
	"PHONE" NVARCHAR2(13), 
	"EMAIL" NVARCHAR2(50), 
	"USERPASSWORD" NVARCHAR2(20), 
	"CREATORID" NUMBER(*,0)
   ) SEGMENT CREATION IMMEDIATE 
  PCTFREE 10 PCTUSED 40 INITRANS 1 MAXTRANS 255 
 NOCOMPRESS LOGGING
  STORAGE(INITIAL 65536 NEXT 1048576 MINEXTENTS 1 MAXEXTENTS 2147483645
  PCTINCREASE 0 FREELISTS 1 FREELIST GROUPS 1
  BUFFER_POOL DEFAULT FLASH_CACHE DEFAULT CELL_FLASH_CACHE DEFAULT)
  TABLESPACE "USERS" ;
--------------------------------------------------------
--  DDL for Table FOLLOW
--------------------------------------------------------

  CREATE TABLE "SA"."FOLLOW" 
   (	"ACTIONID" NUMBER(*,0)
   ) SEGMENT CREATION DEFERRED 
  PCTFREE 10 PCTUSED 40 INITRANS 1 MAXTRANS 255 
 NOCOMPRESS LOGGING
  TABLESPACE "USERS" ;
--------------------------------------------------------
--  DDL for Table FRIENDSHIP
--------------------------------------------------------

  CREATE TABLE "SA"."FRIENDSHIP" 
   (	"ACTIONID" NUMBER(*,0), 
	"STATUS" NVARCHAR2(20)
   ) SEGMENT CREATION IMMEDIATE 
  PCTFREE 10 PCTUSED 40 INITRANS 1 MAXTRANS 255 
 NOCOMPRESS LOGGING
  STORAGE(INITIAL 65536 NEXT 1048576 MINEXTENTS 1 MAXEXTENTS 2147483645
  PCTINCREASE 0 FREELISTS 1 FREELIST GROUPS 1
  BUFFER_POOL DEFAULT FLASH_CACHE DEFAULT CELL_FLASH_CACHE DEFAULT)
  TABLESPACE "USERS" ;
--------------------------------------------------------
--  DDL for Table GROUP_FACEBOOK
--------------------------------------------------------

  CREATE TABLE "SA"."GROUP_FACEBOOK" 
   (	"COMMUNITYID" NUMBER(*,0), 
	"USERID" NUMBER(*,0)
   ) SEGMENT CREATION IMMEDIATE 
  PCTFREE 10 PCTUSED 40 INITRANS 1 MAXTRANS 255 
 NOCOMPRESS LOGGING
  STORAGE(INITIAL 65536 NEXT 1048576 MINEXTENTS 1 MAXEXTENTS 2147483645
  PCTINCREASE 0 FREELISTS 1 FREELIST GROUPS 1
  BUFFER_POOL DEFAULT FLASH_CACHE DEFAULT CELL_FLASH_CACHE DEFAULT)
  TABLESPACE "USERS" ;
--------------------------------------------------------
--  DDL for Table GROUP_JOIN
--------------------------------------------------------

  CREATE TABLE "SA"."GROUP_JOIN" 
   (	"ACTIONID" NUMBER(*,0)
   ) SEGMENT CREATION DEFERRED 
  PCTFREE 10 PCTUSED 40 INITRANS 1 MAXTRANS 255 
 NOCOMPRESS LOGGING
  TABLESPACE "USERS" ;
--------------------------------------------------------
--  DDL for Table GROUP_SETTINGS
--------------------------------------------------------

  CREATE TABLE "SA"."GROUP_SETTINGS" 
   (	"PAGESETTINGSID" NUMBER(*,0), 
	"ISACTIVE" NUMBER(1,0), 
	"CREATORID" NUMBER(*,0)
   ) SEGMENT CREATION DEFERRED 
  PCTFREE 10 PCTUSED 40 INITRANS 1 MAXTRANS 255 
 NOCOMPRESS LOGGING
  TABLESPACE "USERS" ;
--------------------------------------------------------
--  DDL for Table JOB_ANNOUNCEMENT
--------------------------------------------------------

  CREATE TABLE "SA"."JOB_ANNOUNCEMENT" 
   (	"ANNOUNCEMENTID" NUMBER(*,0), 
	"TEXT" NVARCHAR2(50), 
	"SALARY" NUMBER(*,0), 
	"ANNOUNCEMENTDATE" DATE, 
	"DEADLINE" DATE, 
	"WORKTYPE" NVARCHAR2(10), 
	"CREATORID" NUMBER(*,0)
   ) SEGMENT CREATION IMMEDIATE 
  PCTFREE 10 PCTUSED 40 INITRANS 1 MAXTRANS 255 
 NOCOMPRESS LOGGING
  STORAGE(INITIAL 65536 NEXT 1048576 MINEXTENTS 1 MAXEXTENTS 2147483645
  PCTINCREASE 0 FREELISTS 1 FREELIST GROUPS 1
  BUFFER_POOL DEFAULT FLASH_CACHE DEFAULT CELL_FLASH_CACHE DEFAULT)
  TABLESPACE "USERS" ;
--------------------------------------------------------
--  DDL for Table JOB_APPLY
--------------------------------------------------------

  CREATE TABLE "SA"."JOB_APPLY" 
   (	"ANNOUNCEMENTID" NUMBER(*,0), 
	"USERID" NUMBER(*,0), 
	"JOBRESUME" NVARCHAR2(100), 
	"APPLYDATE" DATE
   ) SEGMENT CREATION IMMEDIATE 
  PCTFREE 10 PCTUSED 40 INITRANS 1 MAXTRANS 255 
 NOCOMPRESS LOGGING
  STORAGE(INITIAL 65536 NEXT 1048576 MINEXTENTS 1 MAXEXTENTS 2147483645
  PCTINCREASE 0 FREELISTS 1 FREELIST GROUPS 1
  BUFFER_POOL DEFAULT FLASH_CACHE DEFAULT CELL_FLASH_CACHE DEFAULT)
  TABLESPACE "USERS" ;
--------------------------------------------------------
--  DDL for Table LANGUAGE_PROFILE_INFO
--------------------------------------------------------

  CREATE TABLE "SA"."LANGUAGE_PROFILE_INFO" 
   (	"PROFILEINFOID" NUMBER(*,0), 
	"COMMUNITYID" NUMBER(*,0), 
	"USERID" NUMBER(*,0), 
	"LANGUAGELEVEL" NVARCHAR2(2)
   ) SEGMENT CREATION IMMEDIATE 
  PCTFREE 10 PCTUSED 40 INITRANS 1 MAXTRANS 255 
 NOCOMPRESS LOGGING
  STORAGE(INITIAL 65536 NEXT 1048576 MINEXTENTS 1 MAXEXTENTS 2147483645
  PCTINCREASE 0 FREELISTS 1 FREELIST GROUPS 1
  BUFFER_POOL DEFAULT FLASH_CACHE DEFAULT CELL_FLASH_CACHE DEFAULT)
  TABLESPACE "USERS" ;
--------------------------------------------------------
--  DDL for Table MEDIA
--------------------------------------------------------

  CREATE TABLE "SA"."MEDIA" 
   (	"CONTENTID" NUMBER(*,0), 
	"ACTIONID" NUMBER(*,0), 
	"MEDIATYPE" NVARCHAR2(5)
   ) SEGMENT CREATION IMMEDIATE 
  PCTFREE 10 PCTUSED 40 INITRANS 1 MAXTRANS 255 
 NOCOMPRESS LOGGING
  STORAGE(INITIAL 65536 NEXT 1048576 MINEXTENTS 1 MAXEXTENTS 2147483645
  PCTINCREASE 0 FREELISTS 1 FREELIST GROUPS 1
  BUFFER_POOL DEFAULT FLASH_CACHE DEFAULT CELL_FLASH_CACHE DEFAULT)
  TABLESPACE "USERS" ;
--------------------------------------------------------
--  DDL for Table MESSAGE
--------------------------------------------------------

  CREATE TABLE "SA"."MESSAGE" 
   (	"ACTIONID" NUMBER(*,0), 
	"TEXT" NVARCHAR2(200)
   ) SEGMENT CREATION DEFERRED 
  PCTFREE 10 PCTUSED 40 INITRANS 1 MAXTRANS 255 
 NOCOMPRESS LOGGING
  TABLESPACE "USERS" ;
--------------------------------------------------------
--  DDL for Table PAGE
--------------------------------------------------------

  CREATE TABLE "SA"."PAGE" 
   (	"COMMUNITYID" NUMBER(*,0), 
	"USERID" NUMBER(*,0), 
	"PHONE" NVARCHAR2(13), 
	"WEBSITE" NVARCHAR2(100), 
	"EMAIL" NVARCHAR2(50), 
	"OPENINGHOURS" NVARCHAR2(5), 
	"CLOSINGHOURS" NVARCHAR2(5), 
	"CITYCOUNTRY" NVARCHAR2(5), 
	"CITYNAME" NVARCHAR2(30)
   ) SEGMENT CREATION IMMEDIATE 
  PCTFREE 10 PCTUSED 40 INITRANS 1 MAXTRANS 255 
 NOCOMPRESS LOGGING
  STORAGE(INITIAL 65536 NEXT 1048576 MINEXTENTS 1 MAXEXTENTS 2147483645
  PCTINCREASE 0 FREELISTS 1 FREELIST GROUPS 1
  BUFFER_POOL DEFAULT FLASH_CACHE DEFAULT CELL_FLASH_CACHE DEFAULT)
  TABLESPACE "USERS" ;
--------------------------------------------------------
--  DDL for Table PAGE_SETTINGS
--------------------------------------------------------

  CREATE TABLE "SA"."PAGE_SETTINGS" 
   (	"PAGESETTINGSID" NUMBER(*,0), 
	"ISACTIVE" NUMBER(1,0), 
	"CREATORID" NUMBER(*,0)
   ) SEGMENT CREATION DEFERRED 
  PCTFREE 10 PCTUSED 40 INITRANS 1 MAXTRANS 255 
 NOCOMPRESS LOGGING
  TABLESPACE "USERS" ;
--------------------------------------------------------
--  DDL for Table PHOTO
--------------------------------------------------------

  CREATE TABLE "SA"."PHOTO" 
   (	"CONTENTID" NUMBER(*,0), 
	"ACTIONID" NUMBER(*,0)
   ) SEGMENT CREATION IMMEDIATE 
  PCTFREE 10 PCTUSED 40 INITRANS 1 MAXTRANS 255 
 NOCOMPRESS LOGGING
  STORAGE(INITIAL 65536 NEXT 1048576 MINEXTENTS 1 MAXEXTENTS 2147483645
  PCTINCREASE 0 FREELISTS 1 FREELIST GROUPS 1
  BUFFER_POOL DEFAULT FLASH_CACHE DEFAULT CELL_FLASH_CACHE DEFAULT)
  TABLESPACE "USERS" ;
--------------------------------------------------------
--  DDL for Table POST
--------------------------------------------------------

  CREATE TABLE "SA"."POST" 
   (	"ACTIONID" NUMBER(*,0), 
	"POSTCONTENT" NVARCHAR2(250), 
	"PRIVACY" NVARCHAR2(20)
   ) SEGMENT CREATION IMMEDIATE 
  PCTFREE 10 PCTUSED 40 INITRANS 1 MAXTRANS 255 
 NOCOMPRESS LOGGING
  STORAGE(INITIAL 65536 NEXT 1048576 MINEXTENTS 1 MAXEXTENTS 2147483645
  PCTINCREASE 0 FREELISTS 1 FREELIST GROUPS 1
  BUFFER_POOL DEFAULT FLASH_CACHE DEFAULT CELL_FLASH_CACHE DEFAULT)
  TABLESPACE "USERS" ;
--------------------------------------------------------
--  DDL for Table PROFILE_INFO
--------------------------------------------------------

  CREATE TABLE "SA"."PROFILE_INFO" 
   (	"PROFILEID" NUMBER(*,0), 
	"COMMUNITYID" NUMBER(*,0), 
	"USERID" NUMBER(*,0), 
	"PROFILEINFOTYPE" NVARCHAR2(10)
   ) SEGMENT CREATION IMMEDIATE 
  PCTFREE 10 PCTUSED 40 INITRANS 1 MAXTRANS 255 
 NOCOMPRESS LOGGING
  STORAGE(INITIAL 65536 NEXT 1048576 MINEXTENTS 1 MAXEXTENTS 2147483645
  PCTINCREASE 0 FREELISTS 1 FREELIST GROUPS 1
  BUFFER_POOL DEFAULT FLASH_CACHE DEFAULT CELL_FLASH_CACHE DEFAULT)
  TABLESPACE "USERS" ;
--------------------------------------------------------
--  DDL for Table REVIEW
--------------------------------------------------------

  CREATE TABLE "SA"."REVIEW" 
   (	"ACTIONID" NUMBER(*,0), 
	"CONTENT" NVARCHAR2(50), 
	"RATING" NVARCHAR2(1)
   ) SEGMENT CREATION DEFERRED 
  PCTFREE 10 PCTUSED 40 INITRANS 1 MAXTRANS 255 
 NOCOMPRESS LOGGING
  TABLESPACE "USERS" ;
--------------------------------------------------------
--  DDL for Table SKILL
--------------------------------------------------------

  CREATE TABLE "SA"."SKILL" 
   (	"PROFILEINFOID" NUMBER(*,0), 
	"COMMUNITYID" NUMBER(*,0), 
	"USERID" NUMBER(*,0)
   ) SEGMENT CREATION IMMEDIATE 
  PCTFREE 10 PCTUSED 40 INITRANS 1 MAXTRANS 255 
 NOCOMPRESS LOGGING
  STORAGE(INITIAL 65536 NEXT 1048576 MINEXTENTS 1 MAXEXTENTS 2147483645
  PCTINCREASE 0 FREELISTS 1 FREELIST GROUPS 1
  BUFFER_POOL DEFAULT FLASH_CACHE DEFAULT CELL_FLASH_CACHE DEFAULT)
  TABLESPACE "USERS" ;
--------------------------------------------------------
--  DDL for Table STORY
--------------------------------------------------------

  CREATE TABLE "SA"."STORY" 
   (	"ACTIONID" NUMBER(*,0)
   ) SEGMENT CREATION DEFERRED 
  PCTFREE 10 PCTUSED 40 INITRANS 1 MAXTRANS 255 
 NOCOMPRESS LOGGING
  TABLESPACE "USERS" ;
--------------------------------------------------------
--  DDL for Table TAG
--------------------------------------------------------

  CREATE TABLE "SA"."TAG" 
   (	"CREATORID" NUMBER(*,0), 
	"ACTIONID" NUMBER(*,0)
   ) SEGMENT CREATION DEFERRED 
  PCTFREE 10 PCTUSED 40 INITRANS 1 MAXTRANS 255 
 NOCOMPRESS LOGGING
  TABLESPACE "USERS" ;
--------------------------------------------------------
--  DDL for Table UNIVERSITY
--------------------------------------------------------

  CREATE TABLE "SA"."UNIVERSITY" 
   (	"PROFILEINFOID" NUMBER(*,0), 
	"COMMUNITYID" NUMBER(*,0), 
	"USERID" NUMBER(*,0), 
	"TEXT" NVARCHAR2(50), 
	"STARTDATE" DATE, 
	"ENDDATE" DATE
   ) SEGMENT CREATION IMMEDIATE 
  PCTFREE 10 PCTUSED 40 INITRANS 1 MAXTRANS 255 
 NOCOMPRESS LOGGING
  STORAGE(INITIAL 65536 NEXT 1048576 MINEXTENTS 1 MAXEXTENTS 2147483645
  PCTINCREASE 0 FREELISTS 1 FREELIST GROUPS 1
  BUFFER_POOL DEFAULT FLASH_CACHE DEFAULT CELL_FLASH_CACHE DEFAULT)
  TABLESPACE "USERS" ;
--------------------------------------------------------
--  DDL for Table USER_BLOCK
--------------------------------------------------------

  CREATE TABLE "SA"."USER_BLOCK" 
   (	"ACTIONID" NUMBER(*,0)
   ) SEGMENT CREATION DEFERRED 
  PCTFREE 10 PCTUSED 40 INITRANS 1 MAXTRANS 255 
 NOCOMPRESS LOGGING
  TABLESPACE "USERS" ;
--------------------------------------------------------
--  DDL for Table USER_PROFILE
--------------------------------------------------------

  CREATE TABLE "SA"."USER_PROFILE" 
   (	"PROFILEID" NUMBER(*,0), 
	"PROFILEPICTURE" NVARCHAR2(100), 
	"RELATION" NVARCHAR2(30), 
	"LIVECITYCOUNTRY" NVARCHAR2(5), 
	"LIVECITYNAME" NVARCHAR2(30), 
	"HOMETOWNCITYCOUNTRY" NVARCHAR2(5), 
	"HOMETOWNCITYNAME" NVARCHAR2(30), 
	"CREATORID" NUMBER(*,0)
   ) SEGMENT CREATION IMMEDIATE 
  PCTFREE 10 PCTUSED 40 INITRANS 1 MAXTRANS 255 
 NOCOMPRESS LOGGING
  STORAGE(INITIAL 65536 NEXT 1048576 MINEXTENTS 1 MAXEXTENTS 2147483645
  PCTINCREASE 0 FREELISTS 1 FREELIST GROUPS 1
  BUFFER_POOL DEFAULT FLASH_CACHE DEFAULT CELL_FLASH_CACHE DEFAULT)
  TABLESPACE "USERS" ;
--------------------------------------------------------
--  DDL for Table USER_REPORT
--------------------------------------------------------

  CREATE TABLE "SA"."USER_REPORT" 
   (	"ACTIONID" NUMBER(*,0), 
	"REASON" NVARCHAR2(50), 
	"REPORTCONTENT" NVARCHAR2(200)
   ) SEGMENT CREATION DEFERRED 
  PCTFREE 10 PCTUSED 40 INITRANS 1 MAXTRANS 255 
 NOCOMPRESS LOGGING
  TABLESPACE "USERS" ;
--------------------------------------------------------
--  DDL for Table USER_SETTINGS
--------------------------------------------------------

  CREATE TABLE "SA"."USER_SETTINGS" 
   (	"USERSETTINGSID" NUMBER(*,0), 
	"ISACTIVE" NUMBER(1,0), 
	"APPLICATIONLANGUAGE" NVARCHAR2(20), 
	"TWOFACTORAUTHENTICATION" NUMBER(1,0), 
	"POSTPRIVACY" NVARCHAR2(20), 
	"CREATORID" NUMBER(*,0)
   ) SEGMENT CREATION DEFERRED 
  PCTFREE 10 PCTUSED 40 INITRANS 1 MAXTRANS 255 
 NOCOMPRESS LOGGING
  TABLESPACE "USERS" ;
--------------------------------------------------------
--  DDL for Table VIDEO
--------------------------------------------------------

  CREATE TABLE "SA"."VIDEO" 
   (	"CONTENTID" NUMBER(*,0), 
	"ACTIONID" NUMBER(*,0)
   ) SEGMENT CREATION DEFERRED 
  PCTFREE 10 PCTUSED 40 INITRANS 1 MAXTRANS 255 
 NOCOMPRESS LOGGING
  TABLESPACE "USERS" ;
--------------------------------------------------------
--  DDL for Table VISUAL_CONTENT
--------------------------------------------------------

  CREATE TABLE "SA"."VISUAL_CONTENT" 
   (	"CONTENTID" NUMBER(*,0), 
	"ACTIONID" NUMBER(*,0), 
	"URL" NVARCHAR2(100), 
	"CONTENTTYPE" NVARCHAR2(8)
   ) SEGMENT CREATION IMMEDIATE 
  PCTFREE 10 PCTUSED 40 INITRANS 1 MAXTRANS 255 
 NOCOMPRESS LOGGING
  STORAGE(INITIAL 65536 NEXT 1048576 MINEXTENTS 1 MAXEXTENTS 2147483645
  PCTINCREASE 0 FREELISTS 1 FREELIST GROUPS 1
  BUFFER_POOL DEFAULT FLASH_CACHE DEFAULT CELL_FLASH_CACHE DEFAULT)
  TABLESPACE "USERS" ;
REM INSERTING into SA.ACTION
SET DEFINE OFF;
Insert into SA.ACTION (ACTIONID,ACTIONTYPE,CREATORID,DESTINATIONID,ACTIONDATE) values (33,'LIKE',1,11,to_date('21-DEC-18','DD-MON-RR'));
Insert into SA.ACTION (ACTIONID,ACTIONTYPE,CREATORID,DESTINATIONID,ACTIONDATE) values (34,'LIKE',2,11,to_date('21-DEC-18','DD-MON-RR'));
Insert into SA.ACTION (ACTIONID,ACTIONTYPE,CREATORID,DESTINATIONID,ACTIONDATE) values (35,'LIKE',3,11,to_date('21-DEC-18','DD-MON-RR'));
Insert into SA.ACTION (ACTIONID,ACTIONTYPE,CREATORID,DESTINATIONID,ACTIONDATE) values (36,'LIKE',4,12,to_date('21-DEC-18','DD-MON-RR'));
Insert into SA.ACTION (ACTIONID,ACTIONTYPE,CREATORID,DESTINATIONID,ACTIONDATE) values (37,'LIKE',5,13,to_date('21-DEC-18','DD-MON-RR'));
Insert into SA.ACTION (ACTIONID,ACTIONTYPE,CREATORID,DESTINATIONID,ACTIONDATE) values (38,'LIKE',6,14,to_date('21-DEC-18','DD-MON-RR'));
Insert into SA.ACTION (ACTIONID,ACTIONTYPE,CREATORID,DESTINATIONID,ACTIONDATE) values (39,'LIKE',7,15,to_date('21-DEC-18','DD-MON-RR'));
Insert into SA.ACTION (ACTIONID,ACTIONTYPE,CREATORID,DESTINATIONID,ACTIONDATE) values (40,'LIKE',8,16,to_date('21-DEC-18','DD-MON-RR'));
Insert into SA.ACTION (ACTIONID,ACTIONTYPE,CREATORID,DESTINATIONID,ACTIONDATE) values (2,'FRIENDSHIP',1,9,to_date('19-DEC-18','DD-MON-RR'));
Insert into SA.ACTION (ACTIONID,ACTIONTYPE,CREATORID,DESTINATIONID,ACTIONDATE) values (6,'FRIENDSHIP',2,8,to_date('19-DEC-18','DD-MON-RR'));
Insert into SA.ACTION (ACTIONID,ACTIONTYPE,CREATORID,DESTINATIONID,ACTIONDATE) values (7,'FRIENDSHIP',2,5,to_date('19-DEC-18','DD-MON-RR'));
Insert into SA.ACTION (ACTIONID,ACTIONTYPE,CREATORID,DESTINATIONID,ACTIONDATE) values (3,'FRIENDSHIP',1,4,to_date('19-DEC-18','DD-MON-RR'));
Insert into SA.ACTION (ACTIONID,ACTIONTYPE,CREATORID,DESTINATIONID,ACTIONDATE) values (4,'FRIENDSHIP',1,5,to_date('19-DEC-18','DD-MON-RR'));
Insert into SA.ACTION (ACTIONID,ACTIONTYPE,CREATORID,DESTINATIONID,ACTIONDATE) values (5,'FRIENDSHIP',1,6,to_date('19-DEC-18','DD-MON-RR'));
Insert into SA.ACTION (ACTIONID,ACTIONTYPE,CREATORID,DESTINATIONID,ACTIONDATE) values (1,'FRIENDSHIP',1,7,to_date('19-DEC-18','DD-MON-RR'));
Insert into SA.ACTION (ACTIONID,ACTIONTYPE,CREATORID,DESTINATIONID,ACTIONDATE) values (8,'FRIENDSHIP',2,6,to_date('19-DEC-18','DD-MON-RR'));
Insert into SA.ACTION (ACTIONID,ACTIONTYPE,CREATORID,DESTINATIONID,ACTIONDATE) values (9,'FRIENDSHIP',2,7,to_date('19-DEC-18','DD-MON-RR'));
Insert into SA.ACTION (ACTIONID,ACTIONTYPE,CREATORID,DESTINATIONID,ACTIONDATE) values (10,'FRIENDSHIP',3,8,to_date('19-DEC-18','DD-MON-RR'));
Insert into SA.ACTION (ACTIONID,ACTIONTYPE,CREATORID,DESTINATIONID,ACTIONDATE) values (11,'FRIENDSHIP',3,6,to_date('19-DEC-18','DD-MON-RR'));
Insert into SA.ACTION (ACTIONID,ACTIONTYPE,CREATORID,DESTINATIONID,ACTIONDATE) values (12,'FRIENDSHIP',3,7,to_date('19-DEC-18','DD-MON-RR'));
Insert into SA.ACTION (ACTIONID,ACTIONTYPE,CREATORID,DESTINATIONID,ACTIONDATE) values (13,'FRIENDSHIP',4,8,to_date('19-DEC-18','DD-MON-RR'));
Insert into SA.ACTION (ACTIONID,ACTIONTYPE,CREATORID,DESTINATIONID,ACTIONDATE) values (14,'FRIENDSHIP',4,9,to_date('19-DEC-18','DD-MON-RR'));
Insert into SA.ACTION (ACTIONID,ACTIONTYPE,CREATORID,DESTINATIONID,ACTIONDATE) values (15,'LIKE',1,13,to_date('19-DEC-18','DD-MON-RR'));
Insert into SA.ACTION (ACTIONID,ACTIONTYPE,CREATORID,DESTINATIONID,ACTIONDATE) values (16,'LIKE',2,13,to_date('19-DEC-18','DD-MON-RR'));
Insert into SA.ACTION (ACTIONID,ACTIONTYPE,CREATORID,DESTINATIONID,ACTIONDATE) values (17,'LIKE',3,13,to_date('19-DEC-18','DD-MON-RR'));
Insert into SA.ACTION (ACTIONID,ACTIONTYPE,CREATORID,DESTINATIONID,ACTIONDATE) values (18,'LIKE',4,13,to_date('19-DEC-18','DD-MON-RR'));
Insert into SA.ACTION (ACTIONID,ACTIONTYPE,CREATORID,DESTINATIONID,ACTIONDATE) values (19,'LIKE',5,13,to_date('19-DEC-18','DD-MON-RR'));
Insert into SA.ACTION (ACTIONID,ACTIONTYPE,CREATORID,DESTINATIONID,ACTIONDATE) values (20,'LIKE',6,13,to_date('19-DEC-18','DD-MON-RR'));
Insert into SA.ACTION (ACTIONID,ACTIONTYPE,CREATORID,DESTINATIONID,ACTIONDATE) values (21,'LIKE',7,13,to_date('19-DEC-18','DD-MON-RR'));
Insert into SA.ACTION (ACTIONID,ACTIONTYPE,CREATORID,DESTINATIONID,ACTIONDATE) values (22,'LIKE',8,13,to_date('19-DEC-18','DD-MON-RR'));
Insert into SA.ACTION (ACTIONID,ACTIONTYPE,CREATORID,DESTINATIONID,ACTIONDATE) values (23,'LIKE',1,11,to_date('19-DEC-18','DD-MON-RR'));
Insert into SA.ACTION (ACTIONID,ACTIONTYPE,CREATORID,DESTINATIONID,ACTIONDATE) values (24,'LIKE',2,13,to_date('19-DEC-18','DD-MON-RR'));
Insert into SA.ACTION (ACTIONID,ACTIONTYPE,CREATORID,DESTINATIONID,ACTIONDATE) values (25,'LIKE',3,13,to_date('19-DEC-18','DD-MON-RR'));
Insert into SA.ACTION (ACTIONID,ACTIONTYPE,CREATORID,DESTINATIONID,ACTIONDATE) values (26,'LIKE',4,13,to_date('19-DEC-18','DD-MON-RR'));
Insert into SA.ACTION (ACTIONID,ACTIONTYPE,CREATORID,DESTINATIONID,ACTIONDATE) values (27,'SHARE',1,3,to_date('19-DEC-18','DD-MON-RR'));
Insert into SA.ACTION (ACTIONID,ACTIONTYPE,CREATORID,DESTINATIONID,ACTIONDATE) values (29,'SHARE',2,4,to_date('19-DEC-18','DD-MON-RR'));
Insert into SA.ACTION (ACTIONID,ACTIONTYPE,CREATORID,DESTINATIONID,ACTIONDATE) values (30,'SHARE',3,6,to_date('19-DEC-18','DD-MON-RR'));
Insert into SA.ACTION (ACTIONID,ACTIONTYPE,CREATORID,DESTINATIONID,ACTIONDATE) values (31,'SHARE',4,6,to_date('19-DEC-18','DD-MON-RR'));
Insert into SA.ACTION (ACTIONID,ACTIONTYPE,CREATORID,DESTINATIONID,ACTIONDATE) values (32,'SHARE',4,6,to_date('19-DEC-18','DD-MON-RR'));
Insert into SA.ACTION (ACTIONID,ACTIONTYPE,CREATORID,DESTINATIONID,ACTIONDATE) values (28,'SHARE',1,3,to_date('19-DEC-18','DD-MON-RR'));
REM INSERTING into SA.ADS
SET DEFINE OFF;
REM INSERTING into SA.ALBUM
SET DEFINE OFF;
REM INSERTING into SA.BOOKMARK
SET DEFINE OFF;
REM INSERTING into SA.CITY
SET DEFINE OFF;
Insert into SA.CITY (COUNTRYCODE,CITYNAME) values ('DOM','Santo Domingo');
Insert into SA.CITY (COUNTRYCODE,CITYNAME) values ('TUR','Kocaeli');
Insert into SA.CITY (COUNTRYCODE,CITYNAME) values ('TUR','U?ak');
Insert into SA.CITY (COUNTRYCODE,CITYNAME) values ('TUR','?stanbul');
Insert into SA.CITY (COUNTRYCODE,CITYNAME) values ('TUR','?zmir');
Insert into SA.CITY (COUNTRYCODE,CITYNAME) values ('USA','Texas');
REM INSERTING into SA.COMMUNITY
SET DEFINE OFF;
Insert into SA.COMMUNITY (COMMUNITYID,USERID,COMMUNITYNAME,CREATEDDATE,PROFILEPHOTO,COVERPHOTO,CATEGORYNAME,COMMUNITYTYPE,CREATORID) values (1,1,'Apple',to_date('17-DEC-18','DD-MON-RR'),null,null,'Company','PAGE',9);
Insert into SA.COMMUNITY (COMMUNITYID,USERID,COMMUNITYNAME,CREATEDDATE,PROFILEPHOTO,COVERPHOTO,CATEGORYNAME,COMMUNITYTYPE,CREATORID) values (2,8,'ClayToken',to_date('17-DEC-18','DD-MON-RR'),null,null,'Company','PAGE',10);
Insert into SA.COMMUNITY (COMMUNITYID,USERID,COMMUNITYNAME,CREATEDDATE,PROFILEPHOTO,COVERPHOTO,CATEGORYNAME,COMMUNITYTYPE,CREATORID) values (3,5,'Ege Üniversitesi',to_date('17-DEC-18','DD-MON-RR'),null,null,'Education','PAGE',11);
Insert into SA.COMMUNITY (COMMUNITYID,USERID,COMMUNITYNAME,CREATEDDATE,PROFILEPHOTO,COVERPHOTO,CATEGORYNAME,COMMUNITYTYPE,CREATORID) values (4,6,'EER',to_date('17-DEC-18','DD-MON-RR'),null,null,'Skill','PAGE',12);
Insert into SA.COMMUNITY (COMMUNITYID,USERID,COMMUNITYNAME,CREATEDDATE,PROFILEPHOTO,COVERPHOTO,CATEGORYNAME,COMMUNITYTYPE,CREATORID) values (5,3,'Python',to_date('17-DEC-18','DD-MON-RR'),null,null,'Skill','PAGE',13);
Insert into SA.COMMUNITY (COMMUNITYID,USERID,COMMUNITYNAME,CREATEDDATE,PROFILEPHOTO,COVERPHOTO,CATEGORYNAME,COMMUNITYTYPE,CREATORID) values (6,3,'C#',to_date('17-DEC-18','DD-MON-RR'),null,null,'Skill','PAGE',14);
Insert into SA.COMMUNITY (COMMUNITYID,USERID,COMMUNITYNAME,CREATEDDATE,PROFILEPHOTO,COVERPHOTO,CATEGORYNAME,COMMUNITYTYPE,CREATORID) values (7,1,'Db Project',to_date('17-DEC-18','DD-MON-RR'),null,null,'Team','GROUP',15);
Insert into SA.COMMUNITY (COMMUNITYID,USERID,COMMUNITYNAME,CREATEDDATE,PROFILEPHOTO,COVERPHOTO,CATEGORYNAME,COMMUNITYTYPE,CREATORID) values (8,3,'Dokuz Eylül Üniversitesi',to_date('17-DEC-18','DD-MON-RR'),null,null,'Education','PAGE',16);
Insert into SA.COMMUNITY (COMMUNITYID,USERID,COMMUNITYNAME,CREATEDDATE,PROFILEPHOTO,COVERPHOTO,CATEGORYNAME,COMMUNITYTYPE,CREATORID) values (9,3,'English',to_date('17-DEC-18','DD-MON-RR'),null,null,'Language','PAGE',17);
Insert into SA.COMMUNITY (COMMUNITYID,USERID,COMMUNITYNAME,CREATEDDATE,PROFILEPHOTO,COVERPHOTO,CATEGORYNAME,COMMUNITYTYPE,CREATORID) values (10,4,'Turkish',to_date('17-DEC-18','DD-MON-RR'),null,null,'Language','PAGE',18);
Insert into SA.COMMUNITY (COMMUNITYID,USERID,COMMUNITYNAME,CREATEDDATE,PROFILEPHOTO,COVERPHOTO,CATEGORYNAME,COMMUNITYTYPE,CREATORID) values (11,1,'Spanish',to_date('17-DEC-18','DD-MON-RR'),null,null,'Language','PAGE',19);
REM INSERTING into SA.COMMUNITY_CATEGORY
SET DEFINE OFF;
Insert into SA.COMMUNITY_CATEGORY (CATEGORYNAME,CATEGORYDESCRIPTION) values ('Company','?? toplulu?u');
Insert into SA.COMMUNITY_CATEGORY (CATEGORYNAME,CATEGORYDESCRIPTION) values ('Education','E?itim toplulu?u');
Insert into SA.COMMUNITY_CATEGORY (CATEGORYNAME,CATEGORYDESCRIPTION) values ('Famous','Tan?nm?? ki?i');
Insert into SA.COMMUNITY_CATEGORY (CATEGORYNAME,CATEGORYDESCRIPTION) values ('E?lence','E?lence odakl? topluluk');
Insert into SA.COMMUNITY_CATEGORY (CATEGORYNAME,CATEGORYDESCRIPTION) values ('Skill','Yetenek toplulu?u');
Insert into SA.COMMUNITY_CATEGORY (CATEGORYNAME,CATEGORYDESCRIPTION) values ('Team','Çal??ma toplulu?u');
Insert into SA.COMMUNITY_CATEGORY (CATEGORYNAME,CATEGORYDESCRIPTION) values ('Language','Diller');
REM INSERTING into SA.COMMUNITY_ROLE
SET DEFINE OFF;
REM INSERTING into SA.COMPANY
SET DEFINE OFF;
Insert into SA.COMPANY (PROFILEINFOID,COMMUNITYID,USERID,TEXT,STARTDATE,ENDDATE) values (3,1,1,'As a Software Enginner',to_date('03-DEC-10','DD-MON-RR'),to_date('13-DEC-13','DD-MON-RR'));
Insert into SA.COMPANY (PROFILEINFOID,COMMUNITYID,USERID,TEXT,STARTDATE,ENDDATE) values (3,2,8,'Sofware Architect',to_date('03-DEC-13','DD-MON-RR'),to_date('13-DEC-15','DD-MON-RR'));
REM INSERTING into SA.COUNTRY
SET DEFINE OFF;
Insert into SA.COUNTRY (CODE,COUNTRYNAME) values ('TUR','Turkey');
Insert into SA.COUNTRY (CODE,COUNTRYNAME) values ('BEL','Belgium');
Insert into SA.COUNTRY (CODE,COUNTRYNAME) values ('DOM','Dominican Republic');
Insert into SA.COUNTRY (CODE,COUNTRYNAME) values ('EST','Estonia');
Insert into SA.COUNTRY (CODE,COUNTRYNAME) values ('USA','United States');
REM INSERTING into SA.CREATOR
SET DEFINE OFF;
Insert into SA.CREATOR (CREATORID,EFFECTEDID) values (1,3);
Insert into SA.CREATOR (CREATORID,EFFECTEDID) values (2,4);
Insert into SA.CREATOR (CREATORID,EFFECTEDID) values (3,5);
Insert into SA.CREATOR (CREATORID,EFFECTEDID) values (4,6);
Insert into SA.CREATOR (CREATORID,EFFECTEDID) values (5,7);
Insert into SA.CREATOR (CREATORID,EFFECTEDID) values (6,8);
Insert into SA.CREATOR (CREATORID,EFFECTEDID) values (7,9);
Insert into SA.CREATOR (CREATORID,EFFECTEDID) values (8,10);
Insert into SA.CREATOR (CREATORID,EFFECTEDID) values (9,11);
Insert into SA.CREATOR (CREATORID,EFFECTEDID) values (10,12);
Insert into SA.CREATOR (CREATORID,EFFECTEDID) values (11,13);
Insert into SA.CREATOR (CREATORID,EFFECTEDID) values (12,14);
Insert into SA.CREATOR (CREATORID,EFFECTEDID) values (13,15);
Insert into SA.CREATOR (CREATORID,EFFECTEDID) values (14,16);
Insert into SA.CREATOR (CREATORID,EFFECTEDID) values (15,17);
Insert into SA.CREATOR (CREATORID,EFFECTEDID) values (16,18);
Insert into SA.CREATOR (CREATORID,EFFECTEDID) values (17,21);
Insert into SA.CREATOR (CREATORID,EFFECTEDID) values (18,22);
Insert into SA.CREATOR (CREATORID,EFFECTEDID) values (19,23);
REM INSERTING into SA.CREATOR_COMMENT
SET DEFINE OFF;
REM INSERTING into SA.CREATOR_LIKE
SET DEFINE OFF;
Insert into SA.CREATOR_LIKE (ACTIONID,EMOJI) values (33,null);
Insert into SA.CREATOR_LIKE (ACTIONID,EMOJI) values (34,null);
Insert into SA.CREATOR_LIKE (ACTIONID,EMOJI) values (35,null);
Insert into SA.CREATOR_LIKE (ACTIONID,EMOJI) values (36,null);
Insert into SA.CREATOR_LIKE (ACTIONID,EMOJI) values (37,null);
Insert into SA.CREATOR_LIKE (ACTIONID,EMOJI) values (38,null);
Insert into SA.CREATOR_LIKE (ACTIONID,EMOJI) values (39,null);
Insert into SA.CREATOR_LIKE (ACTIONID,EMOJI) values (40,null);
Insert into SA.CREATOR_LIKE (ACTIONID,EMOJI) values (15,null);
Insert into SA.CREATOR_LIKE (ACTIONID,EMOJI) values (16,null);
Insert into SA.CREATOR_LIKE (ACTIONID,EMOJI) values (17,null);
Insert into SA.CREATOR_LIKE (ACTIONID,EMOJI) values (18,null);
Insert into SA.CREATOR_LIKE (ACTIONID,EMOJI) values (19,null);
Insert into SA.CREATOR_LIKE (ACTIONID,EMOJI) values (20,null);
Insert into SA.CREATOR_LIKE (ACTIONID,EMOJI) values (21,null);
Insert into SA.CREATOR_LIKE (ACTIONID,EMOJI) values (22,null);
Insert into SA.CREATOR_LIKE (ACTIONID,EMOJI) values (23,null);
Insert into SA.CREATOR_LIKE (ACTIONID,EMOJI) values (24,null);
Insert into SA.CREATOR_LIKE (ACTIONID,EMOJI) values (25,null);
Insert into SA.CREATOR_LIKE (ACTIONID,EMOJI) values (26,null);
REM INSERTING into SA.CREATOR_NOTIFICATION
SET DEFINE OFF;
Insert into SA.CREATOR_NOTIFICATION (CREATORID,ACTIONID,NOTIFICATIONCONTENT) values (9,33,'LIKE');
Insert into SA.CREATOR_NOTIFICATION (CREATORID,ACTIONID,NOTIFICATIONCONTENT) values (9,34,'LIKE');
Insert into SA.CREATOR_NOTIFICATION (CREATORID,ACTIONID,NOTIFICATIONCONTENT) values (9,35,'LIKE');
Insert into SA.CREATOR_NOTIFICATION (CREATORID,ACTIONID,NOTIFICATIONCONTENT) values (10,36,'LIKE');
Insert into SA.CREATOR_NOTIFICATION (CREATORID,ACTIONID,NOTIFICATIONCONTENT) values (11,37,'LIKE');
Insert into SA.CREATOR_NOTIFICATION (CREATORID,ACTIONID,NOTIFICATIONCONTENT) values (12,38,'LIKE');
Insert into SA.CREATOR_NOTIFICATION (CREATORID,ACTIONID,NOTIFICATIONCONTENT) values (13,39,'LIKE');
Insert into SA.CREATOR_NOTIFICATION (CREATORID,ACTIONID,NOTIFICATIONCONTENT) values (14,40,'LIKE');
Insert into SA.CREATOR_NOTIFICATION (CREATORID,ACTIONID,NOTIFICATIONCONTENT) values (7,2,'FRIENDSHIP');
Insert into SA.CREATOR_NOTIFICATION (CREATORID,ACTIONID,NOTIFICATIONCONTENT) values (6,6,'FRIENDSHIP');
Insert into SA.CREATOR_NOTIFICATION (CREATORID,ACTIONID,NOTIFICATIONCONTENT) values (3,7,'FRIENDSHIP');
Insert into SA.CREATOR_NOTIFICATION (CREATORID,ACTIONID,NOTIFICATIONCONTENT) values (2,3,'FRIENDSHIP');
Insert into SA.CREATOR_NOTIFICATION (CREATORID,ACTIONID,NOTIFICATIONCONTENT) values (3,4,'FRIENDSHIP');
Insert into SA.CREATOR_NOTIFICATION (CREATORID,ACTIONID,NOTIFICATIONCONTENT) values (4,5,'FRIENDSHIP');
Insert into SA.CREATOR_NOTIFICATION (CREATORID,ACTIONID,NOTIFICATIONCONTENT) values (5,1,'FRIENDSHIP');
Insert into SA.CREATOR_NOTIFICATION (CREATORID,ACTIONID,NOTIFICATIONCONTENT) values (4,8,'FRIENDSHIP');
Insert into SA.CREATOR_NOTIFICATION (CREATORID,ACTIONID,NOTIFICATIONCONTENT) values (5,9,'FRIENDSHIP');
Insert into SA.CREATOR_NOTIFICATION (CREATORID,ACTIONID,NOTIFICATIONCONTENT) values (6,10,'FRIENDSHIP');
Insert into SA.CREATOR_NOTIFICATION (CREATORID,ACTIONID,NOTIFICATIONCONTENT) values (4,11,'FRIENDSHIP');
Insert into SA.CREATOR_NOTIFICATION (CREATORID,ACTIONID,NOTIFICATIONCONTENT) values (5,12,'FRIENDSHIP');
Insert into SA.CREATOR_NOTIFICATION (CREATORID,ACTIONID,NOTIFICATIONCONTENT) values (6,13,'FRIENDSHIP');
Insert into SA.CREATOR_NOTIFICATION (CREATORID,ACTIONID,NOTIFICATIONCONTENT) values (7,14,'FRIENDSHIP');
Insert into SA.CREATOR_NOTIFICATION (CREATORID,ACTIONID,NOTIFICATIONCONTENT) values (11,15,'LIKE');
Insert into SA.CREATOR_NOTIFICATION (CREATORID,ACTIONID,NOTIFICATIONCONTENT) values (11,16,'LIKE');
Insert into SA.CREATOR_NOTIFICATION (CREATORID,ACTIONID,NOTIFICATIONCONTENT) values (11,17,'LIKE');
Insert into SA.CREATOR_NOTIFICATION (CREATORID,ACTIONID,NOTIFICATIONCONTENT) values (11,18,'LIKE');
Insert into SA.CREATOR_NOTIFICATION (CREATORID,ACTIONID,NOTIFICATIONCONTENT) values (11,19,'LIKE');
Insert into SA.CREATOR_NOTIFICATION (CREATORID,ACTIONID,NOTIFICATIONCONTENT) values (11,20,'LIKE');
Insert into SA.CREATOR_NOTIFICATION (CREATORID,ACTIONID,NOTIFICATIONCONTENT) values (11,21,'LIKE');
Insert into SA.CREATOR_NOTIFICATION (CREATORID,ACTIONID,NOTIFICATIONCONTENT) values (11,22,'LIKE');
Insert into SA.CREATOR_NOTIFICATION (CREATORID,ACTIONID,NOTIFICATIONCONTENT) values (9,23,'LIKE');
Insert into SA.CREATOR_NOTIFICATION (CREATORID,ACTIONID,NOTIFICATIONCONTENT) values (11,24,'LIKE');
Insert into SA.CREATOR_NOTIFICATION (CREATORID,ACTIONID,NOTIFICATIONCONTENT) values (11,25,'LIKE');
Insert into SA.CREATOR_NOTIFICATION (CREATORID,ACTIONID,NOTIFICATIONCONTENT) values (11,26,'LIKE');
Insert into SA.CREATOR_NOTIFICATION (CREATORID,ACTIONID,NOTIFICATIONCONTENT) values (1,27,'SHARE');
Insert into SA.CREATOR_NOTIFICATION (CREATORID,ACTIONID,NOTIFICATIONCONTENT) values (2,29,'SHARE');
Insert into SA.CREATOR_NOTIFICATION (CREATORID,ACTIONID,NOTIFICATIONCONTENT) values (4,30,'SHARE');
Insert into SA.CREATOR_NOTIFICATION (CREATORID,ACTIONID,NOTIFICATIONCONTENT) values (4,31,'SHARE');
Insert into SA.CREATOR_NOTIFICATION (CREATORID,ACTIONID,NOTIFICATIONCONTENT) values (4,32,'SHARE');
Insert into SA.CREATOR_NOTIFICATION (CREATORID,ACTIONID,NOTIFICATIONCONTENT) values (1,28,'SHARE');
REM INSERTING into SA.CREATOR_SHARE
SET DEFINE OFF;
Insert into SA.CREATOR_SHARE (ACTIONID,SHARECONTENT,SHARETYPE,EFFECTEDID,COUNTRYCODE,CITYNAME,PARENTID) values (30,null,'POST',27,null,null,null);
Insert into SA.CREATOR_SHARE (ACTIONID,SHARECONTENT,SHARETYPE,EFFECTEDID,COUNTRYCODE,CITYNAME,PARENTID) values (31,null,'POST',28,null,null,null);
Insert into SA.CREATOR_SHARE (ACTIONID,SHARECONTENT,SHARETYPE,EFFECTEDID,COUNTRYCODE,CITYNAME,PARENTID) values (32,null,'POST',29,null,null,null);
Insert into SA.CREATOR_SHARE (ACTIONID,SHARECONTENT,SHARETYPE,EFFECTEDID,COUNTRYCODE,CITYNAME,PARENTID) values (27,null,'POST',24,'TUR','?zmir',null);
Insert into SA.CREATOR_SHARE (ACTIONID,SHARECONTENT,SHARETYPE,EFFECTEDID,COUNTRYCODE,CITYNAME,PARENTID) values (28,'db proje','EVENT',25,'TUR','?zmir',null);
Insert into SA.CREATOR_SHARE (ACTIONID,SHARECONTENT,SHARETYPE,EFFECTEDID,COUNTRYCODE,CITYNAME,PARENTID) values (29,null,'POST',26,'TUR','Kocaeli',null);
REM INSERTING into SA.DOCUMENT
SET DEFINE OFF;
Insert into SA.DOCUMENT (CONTENTID,ACTIONID) values (3,31);
REM INSERTING into SA.EFFECTED
SET DEFINE OFF;
Insert into SA.EFFECTED (EFFECTEDID) values (3);
Insert into SA.EFFECTED (EFFECTEDID) values (4);
Insert into SA.EFFECTED (EFFECTEDID) values (5);
Insert into SA.EFFECTED (EFFECTEDID) values (6);
Insert into SA.EFFECTED (EFFECTEDID) values (7);
Insert into SA.EFFECTED (EFFECTEDID) values (8);
Insert into SA.EFFECTED (EFFECTEDID) values (9);
Insert into SA.EFFECTED (EFFECTEDID) values (10);
Insert into SA.EFFECTED (EFFECTEDID) values (11);
Insert into SA.EFFECTED (EFFECTEDID) values (12);
Insert into SA.EFFECTED (EFFECTEDID) values (13);
Insert into SA.EFFECTED (EFFECTEDID) values (14);
Insert into SA.EFFECTED (EFFECTEDID) values (15);
Insert into SA.EFFECTED (EFFECTEDID) values (16);
Insert into SA.EFFECTED (EFFECTEDID) values (17);
Insert into SA.EFFECTED (EFFECTEDID) values (18);
Insert into SA.EFFECTED (EFFECTEDID) values (21);
Insert into SA.EFFECTED (EFFECTEDID) values (22);
Insert into SA.EFFECTED (EFFECTEDID) values (23);
Insert into SA.EFFECTED (EFFECTEDID) values (24);
Insert into SA.EFFECTED (EFFECTEDID) values (25);
Insert into SA.EFFECTED (EFFECTEDID) values (26);
Insert into SA.EFFECTED (EFFECTEDID) values (27);
Insert into SA.EFFECTED (EFFECTEDID) values (28);
Insert into SA.EFFECTED (EFFECTEDID) values (29);
REM INSERTING into SA.EVENT
SET DEFINE OFF;
REM INSERTING into SA.EVENT_JOIN_STATUS
SET DEFINE OFF;
REM INSERTING into SA.FACEBOOK_USER
SET DEFINE OFF;
Insert into SA.FACEBOOK_USER (USERID,FNAME,MNAME,LNAME,BIRTHDAY,GENDER,PHONE,EMAIL,USERPASSWORD,CREATORID) values (1,'Ercan',null,'GÜNB?LEK',to_date('17-DEC-93','DD-MON-RR'),'MALE','905465351475','ercangunbilek@gmail.com','sansar9317',1);
Insert into SA.FACEBOOK_USER (USERID,FNAME,MNAME,LNAME,BIRTHDAY,GENDER,PHONE,EMAIL,USERPASSWORD,CREATORID) values (2,'Nesibe','Zeynep','AYAZ',to_date('17-FEB-97','DD-MON-RR'),'FEMALE','905385889246','zeynepayaz@gmail.com','delibalta',2);
Insert into SA.FACEBOOK_USER (USERID,FNAME,MNAME,LNAME,BIRTHDAY,GENDER,PHONE,EMAIL,USERPASSWORD,CREATORID) values (3,'Batuhan',null,'KADIO?LU',to_date('12-SEP-96','DD-MON-RR'),'MALE','905054053839','batuhankadioglu@gmail.com','zamazingo123',3);
Insert into SA.FACEBOOK_USER (USERID,FNAME,MNAME,LNAME,BIRTHDAY,GENDER,PHONE,EMAIL,USERPASSWORD,CREATORID) values (4,'Atakan',null,'ÇET?N',to_date('10-AUG-96','DD-MON-RR'),'MALE','905054053313','atakancetin@icloud.com','karamaske2011',4);
Insert into SA.FACEBOOK_USER (USERID,FNAME,MNAME,LNAME,BIRTHDAY,GENDER,PHONE,EMAIL,USERPASSWORD,CREATORID) values (5,'Murat','Osman','ÜNALIR',to_date('10-AUG-75','DD-MON-RR'),'MALE','905054058796','unalir@gmail.com','atribute123',5);
Insert into SA.FACEBOOK_USER (USERID,FNAME,MNAME,LNAME,BIRTHDAY,GENDER,PHONE,EMAIL,USERPASSWORD,CREATORID) values (6,'Ramez',null,'ELMASRI',to_date('10-AUG-50','DD-MON-RR'),'MALE','905054058796','elmasri@gmail.com','databasedesign',6);
Insert into SA.FACEBOOK_USER (USERID,FNAME,MNAME,LNAME,BIRTHDAY,GENDER,PHONE,EMAIL,USERPASSWORD,CREATORID) values (7,'?ebnem',null,'BORA',to_date('10-AUG-78','DD-MON-RR'),'FEMALE','905054052323','sebnem@ege.edu.tr','8086',7);
Insert into SA.FACEBOOK_USER (USERID,FNAME,MNAME,LNAME,BIRTHDAY,GENDER,PHONE,EMAIL,USERPASSWORD,CREATORID) values (8,'Bilgem',null,'ÇAKIR',to_date('10-AUG-75','DD-MON-RR'),'FEMALE','905054052323','cakir@yahoo.com','gamedev123',8);
REM INSERTING into SA.FOLLOW
SET DEFINE OFF;
REM INSERTING into SA.FRIENDSHIP
SET DEFINE OFF;
Insert into SA.FRIENDSHIP (ACTIONID,STATUS) values (1,'ACCEPTED');
Insert into SA.FRIENDSHIP (ACTIONID,STATUS) values (2,'ACCEPTED');
Insert into SA.FRIENDSHIP (ACTIONID,STATUS) values (3,'ACCEPTED');
Insert into SA.FRIENDSHIP (ACTIONID,STATUS) values (4,'ACCEPTED');
Insert into SA.FRIENDSHIP (ACTIONID,STATUS) values (5,'ACCEPTED');
Insert into SA.FRIENDSHIP (ACTIONID,STATUS) values (6,'ACCEPTED');
Insert into SA.FRIENDSHIP (ACTIONID,STATUS) values (7,'ACCEPTED');
Insert into SA.FRIENDSHIP (ACTIONID,STATUS) values (8,'ACCEPTED');
Insert into SA.FRIENDSHIP (ACTIONID,STATUS) values (9,'ACCEPTED');
Insert into SA.FRIENDSHIP (ACTIONID,STATUS) values (10,'ACCEPTED');
Insert into SA.FRIENDSHIP (ACTIONID,STATUS) values (11,'ACCEPTED');
Insert into SA.FRIENDSHIP (ACTIONID,STATUS) values (12,'ACCEPTED');
Insert into SA.FRIENDSHIP (ACTIONID,STATUS) values (13,'ACCEPTED');
Insert into SA.FRIENDSHIP (ACTIONID,STATUS) values (14,'ACCEPTED');
REM INSERTING into SA.GROUP_FACEBOOK
SET DEFINE OFF;
Insert into SA.GROUP_FACEBOOK (COMMUNITYID,USERID) values (7,1);
REM INSERTING into SA.GROUP_JOIN
SET DEFINE OFF;
REM INSERTING into SA.GROUP_SETTINGS
SET DEFINE OFF;
REM INSERTING into SA.JOB_ANNOUNCEMENT
SET DEFINE OFF;
Insert into SA.JOB_ANNOUNCEMENT (ANNOUNCEMENTID,TEXT,SALARY,ANNOUNCEMENTDATE,DEADLINE,WORKTYPE,CREATORID) values (1,'Swift Developer',null,to_date('21-DEC-18','DD-MON-RR'),to_date('11-NOV-18','DD-MON-RR'),'FULLTIME',9);
Insert into SA.JOB_ANNOUNCEMENT (ANNOUNCEMENTID,TEXT,SALARY,ANNOUNCEMENTDATE,DEADLINE,WORKTYPE,CREATORID) values (2,'Embedded System Engineer',null,to_date('21-DEC-18','DD-MON-RR'),to_date('30-DEC-18','DD-MON-RR'),'FULLTIME',9);
Insert into SA.JOB_ANNOUNCEMENT (ANNOUNCEMENTID,TEXT,SALARY,ANNOUNCEMENTDATE,DEADLINE,WORKTYPE,CREATORID) values (3,'Game Developer',null,to_date('21-DEC-18','DD-MON-RR'),to_date('30-JAN-19','DD-MON-RR'),'FULLTIME',10);
Insert into SA.JOB_ANNOUNCEMENT (ANNOUNCEMENTID,TEXT,SALARY,ANNOUNCEMENTDATE,DEADLINE,WORKTYPE,CREATORID) values (4,'Game Test Analyst',null,to_date('21-DEC-18','DD-MON-RR'),to_date('30-JAN-19','DD-MON-RR'),'FULLTIME',10);
REM INSERTING into SA.JOB_APPLY
SET DEFINE OFF;
Insert into SA.JOB_APPLY (ANNOUNCEMENTID,USERID,JOBRESUME,APPLYDATE) values (2,3,'ercan_cv.pdf',to_date('21-DEC-18','DD-MON-RR'));
Insert into SA.JOB_APPLY (ANNOUNCEMENTID,USERID,JOBRESUME,APPLYDATE) values (2,1,'z_cv.pdf',to_date('21-DEC-18','DD-MON-RR'));
Insert into SA.JOB_APPLY (ANNOUNCEMENTID,USERID,JOBRESUME,APPLYDATE) values (3,1,'b_cv.pdf',to_date('21-DEC-18','DD-MON-RR'));
Insert into SA.JOB_APPLY (ANNOUNCEMENTID,USERID,JOBRESUME,APPLYDATE) values (4,1,'a_cv.pdf',to_date('21-DEC-18','DD-MON-RR'));
Insert into SA.JOB_APPLY (ANNOUNCEMENTID,USERID,JOBRESUME,APPLYDATE) values (3,4,'cv.pdf',to_date('21-DEC-18','DD-MON-RR'));
Insert into SA.JOB_APPLY (ANNOUNCEMENTID,USERID,JOBRESUME,APPLYDATE) values (4,2,'cv.pdf',to_date('21-DEC-18','DD-MON-RR'));
Insert into SA.JOB_APPLY (ANNOUNCEMENTID,USERID,JOBRESUME,APPLYDATE) values (2,5,'cv.pdf',to_date('21-DEC-18','DD-MON-RR'));
Insert into SA.JOB_APPLY (ANNOUNCEMENTID,USERID,JOBRESUME,APPLYDATE) values (3,5,'cv.pdf',to_date('21-DEC-18','DD-MON-RR'));
Insert into SA.JOB_APPLY (ANNOUNCEMENTID,USERID,JOBRESUME,APPLYDATE) values (4,3,'cv.pdf',to_date('21-DEC-18','DD-MON-RR'));
REM INSERTING into SA.LANGUAGE_PROFILE_INFO
SET DEFINE OFF;
Insert into SA.LANGUAGE_PROFILE_INFO (PROFILEINFOID,COMMUNITYID,USERID,LANGUAGELEVEL) values (3,9,3,'C2');
Insert into SA.LANGUAGE_PROFILE_INFO (PROFILEINFOID,COMMUNITYID,USERID,LANGUAGELEVEL) values (3,10,4,'B1');
Insert into SA.LANGUAGE_PROFILE_INFO (PROFILEINFOID,COMMUNITYID,USERID,LANGUAGELEVEL) values (1,11,1,'A1');
REM INSERTING into SA.MEDIA
SET DEFINE OFF;
Insert into SA.MEDIA (CONTENTID,ACTIONID,MEDIATYPE) values (1,30,'PHOTO');
Insert into SA.MEDIA (CONTENTID,ACTIONID,MEDIATYPE) values (2,30,'PHOTO');
Insert into SA.MEDIA (CONTENTID,ACTIONID,MEDIATYPE) values (4,32,'PHOTO');
REM INSERTING into SA.MESSAGE
SET DEFINE OFF;
REM INSERTING into SA.PAGE
SET DEFINE OFF;
Insert into SA.PAGE (COMMUNITYID,USERID,PHONE,WEBSITE,EMAIL,OPENINGHOURS,CLOSINGHOURS,CITYCOUNTRY,CITYNAME) values (1,1,null,null,'info@apple.com',null,null,'USA','Texas');
Insert into SA.PAGE (COMMUNITYID,USERID,PHONE,WEBSITE,EMAIL,OPENINGHOURS,CLOSINGHOURS,CITYCOUNTRY,CITYNAME) values (2,8,null,null,'cakir@yahoo.com',null,null,null,null);
Insert into SA.PAGE (COMMUNITYID,USERID,PHONE,WEBSITE,EMAIL,OPENINGHOURS,CLOSINGHOURS,CITYCOUNTRY,CITYNAME) values (3,5,null,null,'mail@ege.edu.tr',null,null,'TUR','?zmir');
Insert into SA.PAGE (COMMUNITYID,USERID,PHONE,WEBSITE,EMAIL,OPENINGHOURS,CLOSINGHOURS,CITYCOUNTRY,CITYNAME) values (4,6,null,null,'elmasri@gmail.com',null,null,null,null);
Insert into SA.PAGE (COMMUNITYID,USERID,PHONE,WEBSITE,EMAIL,OPENINGHOURS,CLOSINGHOURS,CITYCOUNTRY,CITYNAME) values (5,3,null,null,'batuhankadioglu@gmail.com',null,null,null,null);
Insert into SA.PAGE (COMMUNITYID,USERID,PHONE,WEBSITE,EMAIL,OPENINGHOURS,CLOSINGHOURS,CITYCOUNTRY,CITYNAME) values (6,3,null,null,'batuhankadioglu@gmail.com',null,null,null,null);
Insert into SA.PAGE (COMMUNITYID,USERID,PHONE,WEBSITE,EMAIL,OPENINGHOURS,CLOSINGHOURS,CITYCOUNTRY,CITYNAME) values (8,3,null,null,'mail@deu.edu.tr',null,null,'TUR','?zmir');
Insert into SA.PAGE (COMMUNITYID,USERID,PHONE,WEBSITE,EMAIL,OPENINGHOURS,CLOSINGHOURS,CITYCOUNTRY,CITYNAME) values (9,3,null,null,'batuhankadioglu@gmail.com',null,null,null,null);
Insert into SA.PAGE (COMMUNITYID,USERID,PHONE,WEBSITE,EMAIL,OPENINGHOURS,CLOSINGHOURS,CITYCOUNTRY,CITYNAME) values (10,4,null,null,'atakancetin@icloud.com',null,null,null,null);
Insert into SA.PAGE (COMMUNITYID,USERID,PHONE,WEBSITE,EMAIL,OPENINGHOURS,CLOSINGHOURS,CITYCOUNTRY,CITYNAME) values (11,1,null,null,'ercangunbilek@gmail.com',null,null,null,null);
REM INSERTING into SA.PAGE_SETTINGS
SET DEFINE OFF;
REM INSERTING into SA.PHOTO
SET DEFINE OFF;
Insert into SA.PHOTO (CONTENTID,ACTIONID) values (1,30);
Insert into SA.PHOTO (CONTENTID,ACTIONID) values (2,30);
Insert into SA.PHOTO (CONTENTID,ACTIONID) values (4,32);
REM INSERTING into SA.POST
SET DEFINE OFF;
Insert into SA.POST (ACTIONID,POSTCONTENT,PRIVACY) values (27,'20 bin verdik','ONLY FRIENDS');
Insert into SA.POST (ACTIONID,POSTCONTENT,PRIVACY) values (29,'no context tiktok','PUBLIC');
Insert into SA.POST (ACTIONID,POSTCONTENT,PRIVACY) values (30,'test','ONLY FRIENDS');
Insert into SA.POST (ACTIONID,POSTCONTENT,PRIVACY) values (31,'8086 adamdir','ONLY FRIENDS');
Insert into SA.POST (ACTIONID,POSTCONTENT,PRIVACY) values (32,'yakt?n bizi elmasri','PUBLIC');
REM INSERTING into SA.PROFILE_INFO
SET DEFINE OFF;
Insert into SA.PROFILE_INFO (PROFILEID,COMMUNITYID,USERID,PROFILEINFOTYPE) values (3,1,1,'COMPANY');
Insert into SA.PROFILE_INFO (PROFILEID,COMMUNITYID,USERID,PROFILEINFOTYPE) values (3,2,8,'COMPANY');
Insert into SA.PROFILE_INFO (PROFILEID,COMMUNITYID,USERID,PROFILEINFOTYPE) values (3,3,5,'UNIVERSITY');
Insert into SA.PROFILE_INFO (PROFILEID,COMMUNITYID,USERID,PROFILEINFOTYPE) values (3,6,3,'SKILL');
Insert into SA.PROFILE_INFO (PROFILEID,COMMUNITYID,USERID,PROFILEINFOTYPE) values (3,5,3,'SKILL');
Insert into SA.PROFILE_INFO (PROFILEID,COMMUNITYID,USERID,PROFILEINFOTYPE) values (3,4,6,'SKILL');
Insert into SA.PROFILE_INFO (PROFILEID,COMMUNITYID,USERID,PROFILEINFOTYPE) values (5,5,3,'SKILL');
Insert into SA.PROFILE_INFO (PROFILEID,COMMUNITYID,USERID,PROFILEINFOTYPE) values (3,9,3,'LANGUAGE');
Insert into SA.PROFILE_INFO (PROFILEID,COMMUNITYID,USERID,PROFILEINFOTYPE) values (3,10,4,'LANGUAGE');
Insert into SA.PROFILE_INFO (PROFILEID,COMMUNITYID,USERID,PROFILEINFOTYPE) values (1,11,1,'LANGUAGE');
Insert into SA.PROFILE_INFO (PROFILEID,COMMUNITYID,USERID,PROFILEINFOTYPE) values (2,3,5,'UNIVERSITY');
Insert into SA.PROFILE_INFO (PROFILEID,COMMUNITYID,USERID,PROFILEINFOTYPE) values (1,3,5,'UNIVERSITY');
REM INSERTING into SA.REVIEW
SET DEFINE OFF;
REM INSERTING into SA.SKILL
SET DEFINE OFF;
Insert into SA.SKILL (PROFILEINFOID,COMMUNITYID,USERID) values (3,4,6);
Insert into SA.SKILL (PROFILEINFOID,COMMUNITYID,USERID) values (3,5,3);
Insert into SA.SKILL (PROFILEINFOID,COMMUNITYID,USERID) values (3,6,3);
Insert into SA.SKILL (PROFILEINFOID,COMMUNITYID,USERID) values (5,5,3);
REM INSERTING into SA.STORY
SET DEFINE OFF;
REM INSERTING into SA.TAG
SET DEFINE OFF;
REM INSERTING into SA.UNIVERSITY
SET DEFINE OFF;
Insert into SA.UNIVERSITY (PROFILEINFOID,COMMUNITYID,USERID,TEXT,STARTDATE,ENDDATE) values (3,3,5,'CENG Department',to_date('10-SEP-17','DD-MON-RR'),to_date('10-AUG-19','DD-MON-RR'));
Insert into SA.UNIVERSITY (PROFILEINFOID,COMMUNITYID,USERID,TEXT,STARTDATE,ENDDATE) values (2,3,5,'EGE CENG',to_date('10-SEP-17','DD-MON-RR'),to_date('10-AUG-19','DD-MON-RR'));
Insert into SA.UNIVERSITY (PROFILEINFOID,COMMUNITYID,USERID,TEXT,STARTDATE,ENDDATE) values (1,3,5,'EGE CENG',to_date('10-SEP-16','DD-MON-RR'),to_date('10-AUG-19','DD-MON-RR'));
REM INSERTING into SA.USER_BLOCK
SET DEFINE OFF;
REM INSERTING into SA.USER_PROFILE
SET DEFINE OFF;
Insert into SA.USER_PROFILE (PROFILEID,PROFILEPICTURE,RELATION,LIVECITYCOUNTRY,LIVECITYNAME,HOMETOWNCITYCOUNTRY,HOMETOWNCITYNAME,CREATORID) values (1,'user/profile/ercanprofile.jpg','IN A RELATIONSHIP','DOM','Santo Domingo','TUR','?zmir',1);
Insert into SA.USER_PROFILE (PROFILEID,PROFILEPICTURE,RELATION,LIVECITYCOUNTRY,LIVECITYNAME,HOMETOWNCITYCOUNTRY,HOMETOWNCITYNAME,CREATORID) values (2,'user/profile/zeynep.jpg','IN A RELATIONSHIP','TUR','?zmir','TUR','Kocaeli',2);
Insert into SA.USER_PROFILE (PROFILEID,PROFILEPICTURE,RELATION,LIVECITYCOUNTRY,LIVECITYNAME,HOMETOWNCITYCOUNTRY,HOMETOWNCITYNAME,CREATORID) values (3,'user/profile/batu.jpg','SINGLE','USA','Texas','TUR','U?ak',3);
Insert into SA.USER_PROFILE (PROFILEID,PROFILEPICTURE,RELATION,LIVECITYCOUNTRY,LIVECITYNAME,HOMETOWNCITYCOUNTRY,HOMETOWNCITYNAME,CREATORID) values (5,'user/profile/osman.jpg','MARRIED','TUR','?zmir','TUR','?zmir',5);
REM INSERTING into SA.USER_REPORT
SET DEFINE OFF;
REM INSERTING into SA.USER_SETTINGS
SET DEFINE OFF;
REM INSERTING into SA.VIDEO
SET DEFINE OFF;
REM INSERTING into SA.VISUAL_CONTENT
SET DEFINE OFF;
Insert into SA.VISUAL_CONTENT (CONTENTID,ACTIONID,URL,CONTENTTYPE) values (1,30,'test.jpg','MEDIA');
Insert into SA.VISUAL_CONTENT (CONTENTID,ACTIONID,URL,CONTENTTYPE) values (2,30,'test2.jpg','MEDIA');
Insert into SA.VISUAL_CONTENT (CONTENTID,ACTIONID,URL,CONTENTTYPE) values (3,31,'8086.jpg','DOCUMENT');
Insert into SA.VISUAL_CONTENT (CONTENTID,ACTIONID,URL,CONTENTTYPE) values (4,32,'elmasri.jpg','MEDIA');
--------------------------------------------------------
--  DDL for Index CITY_PK
--------------------------------------------------------

  CREATE UNIQUE INDEX "SA"."CITY_PK" ON "SA"."CITY" ("COUNTRYCODE", "CITYNAME") 
  PCTFREE 10 INITRANS 2 MAXTRANS 255 COMPUTE STATISTICS 
  STORAGE(INITIAL 65536 NEXT 1048576 MINEXTENTS 1 MAXEXTENTS 2147483645
  PCTINCREASE 0 FREELISTS 1 FREELIST GROUPS 1
  BUFFER_POOL DEFAULT FLASH_CACHE DEFAULT CELL_FLASH_CACHE DEFAULT)
  TABLESPACE "USERS" ;
--------------------------------------------------------
--  DDL for Index COMMUNITYROLE_PK
--------------------------------------------------------

  CREATE UNIQUE INDEX "SA"."COMMUNITYROLE_PK" ON "SA"."COMMUNITY_ROLE" ("USERID", "COMMUNITYID") 
  PCTFREE 10 INITRANS 2 MAXTRANS 255 COMPUTE STATISTICS 
  TABLESPACE "USERS" ;
--------------------------------------------------------
--  DDL for Index NOTIFICATION_PK
--------------------------------------------------------

  CREATE UNIQUE INDEX "SA"."NOTIFICATION_PK" ON "SA"."CREATOR_NOTIFICATION" ("CREATORID", "ACTIONID") 
  PCTFREE 10 INITRANS 2 MAXTRANS 255 COMPUTE STATISTICS 
  STORAGE(INITIAL 65536 NEXT 1048576 MINEXTENTS 1 MAXEXTENTS 2147483645
  PCTINCREASE 0 FREELISTS 1 FREELIST GROUPS 1
  BUFFER_POOL DEFAULT FLASH_CACHE DEFAULT CELL_FLASH_CACHE DEFAULT)
  TABLESPACE "USERS" ;
--------------------------------------------------------
--  DDL for Index BOOKMARK_PK
--------------------------------------------------------

  CREATE UNIQUE INDEX "SA"."BOOKMARK_PK" ON "SA"."BOOKMARK" ("USERID", "ACTIONID") 
  PCTFREE 10 INITRANS 2 MAXTRANS 255 COMPUTE STATISTICS 
  TABLESPACE "USERS" ;
--------------------------------------------------------
--  DDL for Trigger ACTION_ASSERTION_FOR_GROUP
--------------------------------------------------------

  CREATE OR REPLACE NONEDITIONABLE TRIGGER "SA"."ACTION_ASSERTION_FOR_GROUP" AFTER INSERT OR UPDATE ON ACTION 
FOR EACH ROW
DECLARE group_count INTEGER := 0; 
BEGIN
SELECT count (*) INTO group_count
FROM  GROUP_FACEBOOK,COMMUNITY
WHERE GROUP_FACEBOOK.CommunityId = COMMUNITY.CommunityId AND COMMUNITY.CreatorId = :new.CreatorId;
IF group_count <> 0 THEN 
   raise_application_error (-20005, 'ACTION owner can not be a GROUP');
END IF; 
END;

/
ALTER TRIGGER "SA"."ACTION_ASSERTION_FOR_GROUP" ENABLE;
--------------------------------------------------------
--  DDL for Trigger ACTION_FOLLOW_FOR_PAGE
--------------------------------------------------------

  CREATE OR REPLACE NONEDITIONABLE TRIGGER "SA"."ACTION_FOLLOW_FOR_PAGE" AFTER INSERT OR UPDATE ON ACTION 
FOR EACH ROW
DECLARE page_count INTEGER := 0; 
BEGIN
SELECT count (*) INTO page_count
FROM  PAGE,COMMUNITY
WHERE PAGE.CommunityId = COMMUNITY.CommunityId AND :new.CreatorId = COMMUNITY.CreatorId AND :new.ActionType = 'FOLLOW';
IF page_count <> 0 THEN 
   raise_application_error (-20007, 'FOLLOW owner can not be a PAGE');
END IF; 
END;

/
ALTER TRIGGER "SA"."ACTION_FOLLOW_FOR_PAGE" ENABLE;
--------------------------------------------------------
--  DDL for Trigger ACTION_FRIENDSHIP_ASSERTION_FOR_PAGE
--------------------------------------------------------

  CREATE OR REPLACE NONEDITIONABLE TRIGGER "SA"."ACTION_FRIENDSHIP_ASSERTION_FOR_PAGE" AFTER INSERT OR UPDATE ON ACTION 
FOR EACH ROW
DECLARE page_count INTEGER := 0; 
BEGIN
SELECT count (*) INTO page_count
FROM  PAGE,COMMUNITY
WHERE PAGE.CommunityId = COMMUNITY.CommunityId AND :new.CreatorId = COMMUNITY.CreatorId AND :new.ActionType = 'FRIENDSHIP';
IF page_count <> 0 THEN 
   raise_application_error (-20009, 'FRIENDSHIP owner can not be a PAGE');
END IF; 
END;
/
ALTER TRIGGER "SA"."ACTION_FRIENDSHIP_ASSERTION_FOR_PAGE" ENABLE;
--------------------------------------------------------
--  DDL for Trigger ACTION_INSERT_AFTER
--------------------------------------------------------

  CREATE OR REPLACE NONEDITIONABLE TRIGGER "SA"."ACTION_INSERT_AFTER" AFTER INSERT ON ACTION
FOR EACH ROW
DECLARE Notification_Owner INTEGER := 0;
BEGIN
SELECT CreatorId INTO Notification_Owner
FROM CREATOR
WHERE CREATOR.EffectedId = :NEW.DestinationId;
INSERT INTO CREATOR_NOTIFICATION
  VALUES
    (Notification_Owner,:NEW.ActionId,:NEW.ActionType);
END;

/
ALTER TRIGGER "SA"."ACTION_INSERT_AFTER" ENABLE;
--------------------------------------------------------
--  DDL for Trigger ACTION_JOIN_ASSERTION_FOR_PAGE
--------------------------------------------------------

  CREATE OR REPLACE NONEDITIONABLE TRIGGER "SA"."ACTION_JOIN_ASSERTION_FOR_PAGE" AFTER INSERT OR UPDATE ON ACTION 
FOR EACH ROW
DECLARE page_count INTEGER := 0; 
BEGIN
SELECT count (*) INTO page_count
FROM  PAGE,COMMUNITY
WHERE PAGE.CommunityId = COMMUNITY.CommunityId AND :new.CreatorId = COMMUNITY.CreatorId AND :new.ActionType = 'JOIN';
IF page_count <> 0 THEN 
   raise_application_error (-20008, 'JOIN owner can not be a PAGE');
END IF; 
END;

/
ALTER TRIGGER "SA"."ACTION_JOIN_ASSERTION_FOR_PAGE" ENABLE;
--------------------------------------------------------
--  DDL for Trigger ACTION_REVIEW_FOR_PAGE
--------------------------------------------------------

  CREATE OR REPLACE NONEDITIONABLE TRIGGER "SA"."ACTION_REVIEW_FOR_PAGE" AFTER INSERT OR UPDATE ON ACTION 
FOR EACH ROW
DECLARE page_count INTEGER := 0; 
BEGIN
SELECT count (*) INTO page_count
FROM  PAGE,COMMUNITY
WHERE PAGE.CommunityId = COMMUNITY.CommunityId AND :new.CreatorId = COMMUNITY.CreatorId AND :new.ActionType = 'REVIEW';
IF page_count <> 0 THEN 
   raise_application_error (-20006, 'REVIEW owner can not be a PAGE');
END IF; 
END;

/
ALTER TRIGGER "SA"."ACTION_REVIEW_FOR_PAGE" ENABLE;
--------------------------------------------------------
--  DDL for Trigger COMMUNITY_INSERT
--------------------------------------------------------

  CREATE OR REPLACE NONEDITIONABLE TRIGGER "SA"."COMMUNITY_INSERT" AFTER INSERT ON COMMUNITY
FOR EACH ROW
DECLARE mail VARCHAR2(50) := 0;
BEGIN
  INSERT INTO CREATOR
  VALUES(:NEW.CreatorId,Effected_Seq.NEXTVAL);
  IF :NEW.CommunityType = 'GROUP' THEN
    INSERT INTO GROUP_FACEBOOK
    VALUES(:NEW.CommunityId,:NEW.UserId);
  ELSE

  SELECT FACEBOOK_USER.Email INTO mail
  FROM FACEBOOK_USER
  WHERE FACEBOOK_USER.UserId = :NEW.UserId;
  INSERT INTO PAGE
    VALUES(:NEW.CommunityId,:NEW.UserId,NULL,NULL,mail,NULL,NULL,NULL,NULL);
  END IF;
END;


/
ALTER TRIGGER "SA"."COMMUNITY_INSERT" ENABLE;
--------------------------------------------------------
--  DDL for Trigger CREATOR_INSERT
--------------------------------------------------------

  CREATE OR REPLACE NONEDITIONABLE TRIGGER "SA"."CREATOR_INSERT" BEFORE INSERT ON CREATOR
FOR EACH ROW
BEGIN
  INSERT INTO EFFECTED
  VALUES(Effected_Seq.CURRVAL);
END;

/
ALTER TRIGGER "SA"."CREATOR_INSERT" ENABLE;
--------------------------------------------------------
--  DDL for Trigger EFFECTED_ACTION_COMMENT_ASSERTION_FOR_COMMUNITY
--------------------------------------------------------

  CREATE OR REPLACE NONEDITIONABLE TRIGGER "SA"."EFFECTED_ACTION_COMMENT_ASSERTION_FOR_COMMUNITY" AFTER INSERT OR UPDATE ON ACTION 
FOR EACH ROW
DECLARE community_count INTEGER := 0; 
BEGIN
SELECT count (*) INTO community_count
FROM  FACEBOOK_USER,COMMUNITY
WHERE :new.ActionType = 'COMMENT' AND COMMUNITY.CreatorId = :new.ActionId;
IF community_count <> 0 THEN 
   raise_application_error (-20013, 'COMMUNITY can not be affected with COMMENT action');
END IF; 
END;

/
ALTER TRIGGER "SA"."EFFECTED_ACTION_COMMENT_ASSERTION_FOR_COMMUNITY" ENABLE;
--------------------------------------------------------
--  DDL for Trigger EFFECTED_ACTION_COMMENT_ASSERTION_FOR_CREATOR
--------------------------------------------------------

  CREATE OR REPLACE NONEDITIONABLE TRIGGER "SA"."EFFECTED_ACTION_COMMENT_ASSERTION_FOR_CREATOR" AFTER INSERT OR UPDATE ON ACTION 
FOR EACH ROW
DECLARE creator_count INTEGER := 0; 
BEGIN
SELECT count (*) INTO creator_count
FROM  CREATOR
WHERE :new.ActionType = 'COMMENT' AND CREATOR.EffectedId = :new.DestinationId;
IF creator_count <> 0 THEN 
   raise_application_error (-20018, 'CREATOR can not be affected with COMMENT action');
END IF; 
END;

/
ALTER TRIGGER "SA"."EFFECTED_ACTION_COMMENT_ASSERTION_FOR_CREATOR" ENABLE;
--------------------------------------------------------
--  DDL for Trigger EFFECTED_ACTION_COMMENT_ASSERTION_FOR_SHARE
--------------------------------------------------------

  CREATE OR REPLACE NONEDITIONABLE TRIGGER "SA"."EFFECTED_ACTION_COMMENT_ASSERTION_FOR_SHARE" AFTER INSERT OR UPDATE ON ACTION 
FOR EACH ROW
DECLARE share_count INTEGER := 0; 
BEGIN
SELECT count (*) INTO share_count
FROM  CREATOR_SHARE
WHERE :new.ActionType = 'MESSAGE' AND CREATOR_SHARE.EffectedId = :new.DestinationId;
IF share_count <> 0 THEN 
   raise_application_error (-20019, 'SHARE can not be affected with MESSAGE action');
END IF; 
END;

/
ALTER TRIGGER "SA"."EFFECTED_ACTION_COMMENT_ASSERTION_FOR_SHARE" ENABLE;
--------------------------------------------------------
--  DDL for Trigger EFFECTED_ACTION_FOLLOW_ASSERTION_FOR_COMMENT
--------------------------------------------------------

  CREATE OR REPLACE NONEDITIONABLE TRIGGER "SA"."EFFECTED_ACTION_FOLLOW_ASSERTION_FOR_COMMENT" AFTER INSERT OR UPDATE ON ACTION 
FOR EACH ROW
DECLARE comment_count INTEGER := 0; 
BEGIN
SELECT count (*) INTO comment_count
FROM  CREATOR_COMMENT
WHERE :new.ActionType = 'FOLLOW' AND CREATOR_COMMENT.EffectedId = :new.DestinationId;
IF comment_count <> 0 THEN 
   raise_application_error (-20028, 'COMMENT can not be affected with FOLLOW action');
END IF; 
END;

/
ALTER TRIGGER "SA"."EFFECTED_ACTION_FOLLOW_ASSERTION_FOR_COMMENT" ENABLE;
--------------------------------------------------------
--  DDL for Trigger EFFECTED_ACTION_FOLLOW_ASSERTION_FOR_GROUP
--------------------------------------------------------

  CREATE OR REPLACE NONEDITIONABLE TRIGGER "SA"."EFFECTED_ACTION_FOLLOW_ASSERTION_FOR_GROUP" AFTER INSERT OR UPDATE ON ACTION 
FOR EACH ROW
DECLARE group_count INTEGER := 0; 
BEGIN
SELECT count (*) INTO group_count
FROM GROUP_FACEBOOK,COMMUNITY
WHERE :new.ActionType = 'FOLLOW' AND GROUP_FACEBOOK.CommunityId = COMMUNITY.CommunityId 
AND COMMUNITY.CommunityId = :new.DestinationId;
IF group_count <> 0 THEN 
   raise_application_error (-20015, 'GROUP can not be affected with FOLLOW action');
END IF; 
END;

/
ALTER TRIGGER "SA"."EFFECTED_ACTION_FOLLOW_ASSERTION_FOR_GROUP" ENABLE;
--------------------------------------------------------
--  DDL for Trigger EFFECTED_ACTION_FOLLOW_ASSERTION_FOR_SHARE
--------------------------------------------------------

  CREATE OR REPLACE NONEDITIONABLE TRIGGER "SA"."EFFECTED_ACTION_FOLLOW_ASSERTION_FOR_SHARE" AFTER INSERT OR UPDATE ON ACTION 
FOR EACH ROW
DECLARE share_count INTEGER := 0; 
BEGIN
SELECT count (*) INTO share_count
FROM  CREATOR_SHARE
WHERE :new.ActionType = 'FOLLOW' AND CREATOR_SHARE.EffectedId = :new.DestinationId;
IF share_count <> 0 THEN 
   raise_application_error (-20021, 'SHARE can not be affected with FOLLOW action');
END IF; 
END;

/
ALTER TRIGGER "SA"."EFFECTED_ACTION_FOLLOW_ASSERTION_FOR_SHARE" ENABLE;
--------------------------------------------------------
--  DDL for Trigger EFFECTED_ACTION_FRIENDSHIP_ASSERTION_FOR_COMMENT
--------------------------------------------------------

  CREATE OR REPLACE NONEDITIONABLE TRIGGER "SA"."EFFECTED_ACTION_FRIENDSHIP_ASSERTION_FOR_COMMENT" AFTER INSERT OR UPDATE ON ACTION 
FOR EACH ROW
DECLARE comment_count INTEGER := 0; 
BEGIN
SELECT count (*) INTO comment_count
FROM  CREATOR_COMMENT
WHERE :new.ActionType = 'FRIENDSHIP' AND CREATOR_COMMENT.EffectedId = :new.DestinationId;
IF comment_count <> 0 THEN 
   raise_application_error (-20030, 'COMMENT can not be affected with FRIENDSHIP action');
END IF; 
END;
/
ALTER TRIGGER "SA"."EFFECTED_ACTION_FRIENDSHIP_ASSERTION_FOR_COMMENT" ENABLE;
--------------------------------------------------------
--  DDL for Trigger EFFECTED_ACTION_FRIENDSHIP_ASSERTION_FOR_COMMUNITY
--------------------------------------------------------

  CREATE OR REPLACE NONEDITIONABLE TRIGGER "SA"."EFFECTED_ACTION_FRIENDSHIP_ASSERTION_FOR_COMMUNITY" AFTER INSERT OR UPDATE ON ACTION 
FOR EACH ROW
DECLARE community_count INTEGER := 0; 
BEGIN
SELECT count (*) INTO community_count
FROM  COMMUNITY,CREATOR
WHERE :new.ActionType = 'FRIENDSHIP' AND COMMUNITY.CreatorId = CREATOR.CreatorId 
AND CREATOR.EffectedId = :NEW.DestinationId;
IF community_count <> 0 THEN 
   raise_application_error (-20012, 'COMMUNITY can not be affected with FRIENDSHIP action');
END IF; 
END;
/
ALTER TRIGGER "SA"."EFFECTED_ACTION_FRIENDSHIP_ASSERTION_FOR_COMMUNITY" ENABLE;
--------------------------------------------------------
--  DDL for Trigger EFFECTED_ACTION_FRIENDSHIP_ASSERTION_FOR_SHARE
--------------------------------------------------------

  CREATE OR REPLACE NONEDITIONABLE TRIGGER "SA"."EFFECTED_ACTION_FRIENDSHIP_ASSERTION_FOR_SHARE" AFTER INSERT OR UPDATE ON ACTION 
FOR EACH ROW
DECLARE share_count INTEGER := 0; 
BEGIN
SELECT count (*) INTO share_count
FROM  CREATOR_SHARE
WHERE :new.ActionType = 'SHARE' AND CREATOR_SHARE.EffectedId = :new.DestinationId;
IF share_count <> 0 THEN 
   raise_application_error (-20024, 'SHARE can not be affected with SHARE action');
END IF; 
END;

/
ALTER TRIGGER "SA"."EFFECTED_ACTION_FRIENDSHIP_ASSERTION_FOR_SHARE" ENABLE;
--------------------------------------------------------
--  DDL for Trigger EFFECTED_ACTION_JOIN_ASSERTION_FOR_COMMENT
--------------------------------------------------------

  CREATE OR REPLACE NONEDITIONABLE TRIGGER "SA"."EFFECTED_ACTION_JOIN_ASSERTION_FOR_COMMENT" AFTER INSERT OR UPDATE ON ACTION 
FOR EACH ROW
DECLARE comment_count INTEGER := 0; 
BEGIN
SELECT count (*) INTO comment_count
FROM  CREATOR_COMMENT
WHERE :new.ActionType = 'JOIN' AND CREATOR_COMMENT.EffectedId = :new.DestinationId;
IF comment_count <> 0 THEN 
   raise_application_error (-20029, 'COMMENT can not be affected with JOIN action');
END IF; 
END;

/
ALTER TRIGGER "SA"."EFFECTED_ACTION_JOIN_ASSERTION_FOR_COMMENT" ENABLE;
--------------------------------------------------------
--  DDL for Trigger EFFECTED_ACTION_JOIN_ASSERTION_FOR_PAGE
--------------------------------------------------------

  CREATE OR REPLACE NONEDITIONABLE TRIGGER "SA"."EFFECTED_ACTION_JOIN_ASSERTION_FOR_PAGE" AFTER INSERT OR UPDATE ON ACTION 
FOR EACH ROW
DECLARE page_count INTEGER := 0; 
BEGIN
SELECT count (*) INTO page_count
FROM  PAGE,COMMUNITY,CREATOR
WHERE :new.ActionType = 'JOIN' AND PAGE.CommunityId = COMMUNITY.CommunityId AND COMMUNITY.CommunityId = CREATOR.CreatorId
AND CREATOR.EffectedId = :new.DestinationId;
IF page_count <> 0 THEN 
   raise_application_error (-20017, 'PAGE can not be affected with JOIN action');
END IF; 
END;

/
ALTER TRIGGER "SA"."EFFECTED_ACTION_JOIN_ASSERTION_FOR_PAGE" ENABLE;
--------------------------------------------------------
--  DDL for Trigger EFFECTED_ACTION_JOIN_ASSERTION_FOR_SHARE
--------------------------------------------------------

  CREATE OR REPLACE NONEDITIONABLE TRIGGER "SA"."EFFECTED_ACTION_JOIN_ASSERTION_FOR_SHARE" AFTER INSERT OR UPDATE ON ACTION 
FOR EACH ROW
DECLARE share_count INTEGER := 0; 
BEGIN
SELECT count (*) INTO share_count
FROM  CREATOR_SHARE
WHERE :new.ActionType = 'JOIN' AND CREATOR_SHARE.EffectedId = :new.DestinationId;
IF share_count <> 0 THEN 
   raise_application_error (-20022, 'SHARE can not be affected with JOIN action');
END IF; 
END;

/
ALTER TRIGGER "SA"."EFFECTED_ACTION_JOIN_ASSERTION_FOR_SHARE" ENABLE;
--------------------------------------------------------
--  DDL for Trigger EFFECTED_ACTION_JOIN_ASSERTION_FOR_USER
--------------------------------------------------------

  CREATE OR REPLACE NONEDITIONABLE TRIGGER "SA"."EFFECTED_ACTION_JOIN_ASSERTION_FOR_USER" AFTER INSERT OR UPDATE ON ACTION 
FOR EACH ROW
DECLARE user_count INTEGER := 0; 
BEGIN
SELECT count (*) INTO user_count
FROM  FACEBOOK_USER
WHERE :new.ActionType = 'JOIN' AND FACEBOOK_USER.CreatorId = :new.CreatorId;
IF user_count <> 0 THEN 
   raise_application_error (-20010, 'USER can not be affected with JOIN action');
END IF; 
END;

/
ALTER TRIGGER "SA"."EFFECTED_ACTION_JOIN_ASSERTION_FOR_USER" ENABLE;
--------------------------------------------------------
--  DDL for Trigger EFFECTED_ACTION_LIKE_ASSERTION_FOR_GROUP
--------------------------------------------------------

  CREATE OR REPLACE NONEDITIONABLE TRIGGER "SA"."EFFECTED_ACTION_LIKE_ASSERTION_FOR_GROUP" AFTER INSERT OR UPDATE ON ACTION 
FOR EACH ROW
DECLARE group_count INTEGER := 0; 
BEGIN
SELECT count (*) INTO group_count
FROM GROUP_FACEBOOK,COMMUNITY
WHERE :new.ActionType = 'LIKE' AND GROUP_FACEBOOK.CommunityId = COMMUNITY.CommunityId 
AND COMMUNITY.CommunityId = :new.DestinationId;
IF group_count <> 0 THEN 
   raise_application_error (-20016, 'GROUP can not be affected with LIKE action');
END IF; 
END;

/
ALTER TRIGGER "SA"."EFFECTED_ACTION_LIKE_ASSERTION_FOR_GROUP" ENABLE;
--------------------------------------------------------
--  DDL for Trigger EFFECTED_ACTION_MESSAGE_ASSERTION_FOR_COMMENT
--------------------------------------------------------

  CREATE OR REPLACE NONEDITIONABLE TRIGGER "SA"."EFFECTED_ACTION_MESSAGE_ASSERTION_FOR_COMMENT" AFTER INSERT OR UPDATE ON ACTION 
FOR EACH ROW
DECLARE comment_count INTEGER := 0; 
BEGIN
SELECT count (*) INTO comment_count
FROM  CREATOR_COMMENT
WHERE :new.ActionType = 'MESSAGE' AND CREATOR_COMMENT.EffectedId = :new.DestinationId;
IF comment_count <> 0 THEN 
   raise_application_error (-20025, 'COMMENT can not be affected with MESSAGE action');
END IF; 
END;

/
ALTER TRIGGER "SA"."EFFECTED_ACTION_MESSAGE_ASSERTION_FOR_COMMENT" ENABLE;
--------------------------------------------------------
--  DDL for Trigger EFFECTED_ACTION_MESSAGE_ASSERTION_FOR_GROUP
--------------------------------------------------------

  CREATE OR REPLACE NONEDITIONABLE TRIGGER "SA"."EFFECTED_ACTION_MESSAGE_ASSERTION_FOR_GROUP" AFTER INSERT OR UPDATE ON ACTION 
FOR EACH ROW
DECLARE group_count INTEGER := 0; 
BEGIN
SELECT count (*) INTO group_count
FROM  COMMUNITY,GROUP_FACEBOOK,CREATOR
WHERE :new.ActionType = 'MESSAGE' AND GROUP_FACEBOOK.CommunityId = COMMUNITY.CommunityId 
AND COMMUNITY.CreatorId = CREATOR.CreatorId AND CREATOR.EffectedId = :new.DestinationId;
IF group_count <> 0 THEN 
   raise_application_error (-20014, 'GROUP can not be affected with MESSAGE action');
END IF; 
END;

/
ALTER TRIGGER "SA"."EFFECTED_ACTION_MESSAGE_ASSERTION_FOR_GROUP" ENABLE;
--------------------------------------------------------
--  DDL for Trigger EFFECTED_ACTION_REVIEW_ASSERTION_FOR_COMMENT
--------------------------------------------------------

  CREATE OR REPLACE NONEDITIONABLE TRIGGER "SA"."EFFECTED_ACTION_REVIEW_ASSERTION_FOR_COMMENT" AFTER INSERT OR UPDATE ON ACTION 
FOR EACH ROW
DECLARE comment_count INTEGER := 0; 
BEGIN
SELECT count (*) INTO comment_count
FROM  CREATOR_COMMENT
WHERE :new.ActionType = 'REVIEW' AND CREATOR_COMMENT.EffectedId = :new.DestinationId;
IF comment_count <> 0 THEN 
   raise_application_error (-20026, 'COMMENT can not be affected with REVIEW action');
END IF; 
END;

/
ALTER TRIGGER "SA"."EFFECTED_ACTION_REVIEW_ASSERTION_FOR_COMMENT" ENABLE;
--------------------------------------------------------
--  DDL for Trigger EFFECTED_ACTION_REVIEW_ASSERTION_FOR_SHARE
--------------------------------------------------------

  CREATE OR REPLACE NONEDITIONABLE TRIGGER "SA"."EFFECTED_ACTION_REVIEW_ASSERTION_FOR_SHARE" AFTER INSERT OR UPDATE ON ACTION 
FOR EACH ROW
DECLARE share_count INTEGER := 0; 
BEGIN
SELECT count (*) INTO share_count
FROM  CREATOR_SHARE
WHERE :new.ActionType = 'REVIEW' AND CREATOR_SHARE.EffectedId = :new.DestinationId;
IF share_count <> 0 THEN 
   raise_application_error (-20020, 'SHARE can not be affected with REVIEW action');
END IF; 
END;

/
ALTER TRIGGER "SA"."EFFECTED_ACTION_REVIEW_ASSERTION_FOR_SHARE" ENABLE;
--------------------------------------------------------
--  DDL for Trigger EFFECTED_ACTION_REVIEW_ASSERTION_FOR_USER
--------------------------------------------------------

  CREATE OR REPLACE NONEDITIONABLE TRIGGER "SA"."EFFECTED_ACTION_REVIEW_ASSERTION_FOR_USER" AFTER INSERT OR UPDATE ON ACTION 
FOR EACH ROW
DECLARE user_count INTEGER := 0; 
BEGIN
SELECT count (*) INTO user_count
FROM  FACEBOOK_USER
WHERE :new.ActionType = 'REVIEW' AND FACEBOOK_USER.CreatorId = :new.CreatorId;
IF user_count <> 0 THEN 
   raise_application_error (-20011, 'USER can not be affected with REVIEW action');
END IF; 
END;

/
ALTER TRIGGER "SA"."EFFECTED_ACTION_REVIEW_ASSERTION_FOR_USER" ENABLE;
--------------------------------------------------------
--  DDL for Trigger EFFECTED_ACTION_SHARE_ASSERTION_FOR_COMMENT
--------------------------------------------------------

  CREATE OR REPLACE NONEDITIONABLE TRIGGER "SA"."EFFECTED_ACTION_SHARE_ASSERTION_FOR_COMMENT" AFTER INSERT OR UPDATE ON ACTION 
FOR EACH ROW
DECLARE comment_count INTEGER := 0; 
BEGIN
SELECT count (*) INTO comment_count
FROM  CREATOR_COMMENT
WHERE :new.ActionType = 'SHARE' AND CREATOR_COMMENT.EffectedId = :new.DestinationId;
IF comment_count <> 0 THEN 
   raise_application_error (-20027, 'COMMENT can not be affected with SHARE action');
END IF; 
END;

/
ALTER TRIGGER "SA"."EFFECTED_ACTION_SHARE_ASSERTION_FOR_COMMENT" ENABLE;
--------------------------------------------------------
--  DDL for Trigger FACEBOOK_USER_INSERT
--------------------------------------------------------

  CREATE OR REPLACE NONEDITIONABLE TRIGGER "SA"."FACEBOOK_USER_INSERT" BEFORE INSERT ON FACEBOOK_USER
FOR EACH ROW
BEGIN
  INSERT INTO CREATOR
  VALUES(:NEW.CreatorId,Effected_Seq.NEXTVAL);
END;

/
ALTER TRIGGER "SA"."FACEBOOK_USER_INSERT" ENABLE;
--------------------------------------------------------
--  DDL for Trigger GROUP_SETTINGS_ASSERTION_FOR_GROUP
--------------------------------------------------------

  CREATE OR REPLACE NONEDITIONABLE TRIGGER "SA"."GROUP_SETTINGS_ASSERTION_FOR_GROUP" AFTER INSERT OR UPDATE ON GROUP_SETTINGS 
FOR EACH ROW
DECLARE group_count INTEGER := 0; 
BEGIN
SELECT count (*) INTO group_count
FROM  GROUP_FACEBOOK,COMMUNITY
WHERE GROUP_FACEBOOK.CommunityId = COMMUNITY.CommunityId AND COMMUNITY.CreatorId = :new.CreatorId;
IF group_count = 0 THEN 
   raise_application_error (-20004, 'GROUP settings owner must be a GROUP');
END IF; 
END;

/
ALTER TRIGGER "SA"."GROUP_SETTINGS_ASSERTION_FOR_GROUP" ENABLE;
--------------------------------------------------------
--  DDL for Trigger PAGE_SETTINGS_ASSERTION_FOR_PAGE
--------------------------------------------------------

  CREATE OR REPLACE NONEDITIONABLE TRIGGER "SA"."PAGE_SETTINGS_ASSERTION_FOR_PAGE" AFTER INSERT OR UPDATE ON PAGE_SETTINGS 
FOR EACH ROW
DECLARE page_count INTEGER := 0; 
BEGIN
SELECT count (*) INTO page_count
FROM  PAGE,COMMUNITY
WHERE PAGE.CommunityId = COMMUNITY.CommunityId AND COMMUNITY.CreatorId = :new.CreatorId;
IF page_count = 0 THEN 
   raise_application_error (-20003, 'PAGE settings owner must be a PAGE');
END IF; 
END;

/
ALTER TRIGGER "SA"."PAGE_SETTINGS_ASSERTION_FOR_PAGE" ENABLE;
--------------------------------------------------------
--  DDL for Trigger PROFILE_ASSERTION_FOR_USER
--------------------------------------------------------

  CREATE OR REPLACE NONEDITIONABLE TRIGGER "SA"."PROFILE_ASSERTION_FOR_USER" AFTER INSERT OR UPDATE ON USER_PROFILE 
FOR EACH ROW
DECLARE user_count INTEGER := 0; 
BEGIN
SELECT count (*) INTO user_count
FROM   FACEBOOK_USER
WHERE  :new.CreatorId = CreatorId;
IF user_count = 0 THEN 
   raise_application_error (-20001, 'Profile owner must be a user');
END IF; 
END;
/
ALTER TRIGGER "SA"."PROFILE_ASSERTION_FOR_USER" ENABLE;
--------------------------------------------------------
--  DDL for Trigger USER_SETTINGS_ASSERTION_FOR_USER
--------------------------------------------------------

  CREATE OR REPLACE NONEDITIONABLE TRIGGER "SA"."USER_SETTINGS_ASSERTION_FOR_USER" AFTER INSERT OR UPDATE ON USER_SETTINGS 
FOR EACH ROW
DECLARE user_count INTEGER := 0; 
BEGIN
SELECT count (*) INTO user_count
FROM   FACEBOOK_USER
WHERE  :new.CreatorId = CreatorId;
IF user_count <> 0 THEN 
   raise_application_error (-20002, 'User settings owner must be a user');
END IF; 
END;

/
ALTER TRIGGER "SA"."USER_SETTINGS_ASSERTION_FOR_USER" ENABLE;
--------------------------------------------------------
--  Constraints for Table FRIENDSHIP
--------------------------------------------------------

  ALTER TABLE "SA"."FRIENDSHIP" MODIFY ("STATUS" NOT NULL ENABLE);
  ALTER TABLE "SA"."FRIENDSHIP" ADD CHECK (Status IN ('PENDING','ACCEPTED','IGNORED')) ENABLE;
  ALTER TABLE "SA"."FRIENDSHIP" ADD PRIMARY KEY ("ACTIONID")
  USING INDEX PCTFREE 10 INITRANS 2 MAXTRANS 255 COMPUTE STATISTICS 
  STORAGE(INITIAL 65536 NEXT 1048576 MINEXTENTS 1 MAXEXTENTS 2147483645
  PCTINCREASE 0 FREELISTS 1 FREELIST GROUPS 1
  BUFFER_POOL DEFAULT FLASH_CACHE DEFAULT CELL_FLASH_CACHE DEFAULT)
  TABLESPACE "USERS"  ENABLE;
--------------------------------------------------------
--  Constraints for Table FACEBOOK_USER
--------------------------------------------------------

  ALTER TABLE "SA"."FACEBOOK_USER" MODIFY ("FNAME" NOT NULL ENABLE);
  ALTER TABLE "SA"."FACEBOOK_USER" MODIFY ("LNAME" NOT NULL ENABLE);
  ALTER TABLE "SA"."FACEBOOK_USER" MODIFY ("BIRTHDAY" NOT NULL ENABLE);
  ALTER TABLE "SA"."FACEBOOK_USER" MODIFY ("GENDER" NOT NULL ENABLE);
  ALTER TABLE "SA"."FACEBOOK_USER" MODIFY ("EMAIL" NOT NULL ENABLE);
  ALTER TABLE "SA"."FACEBOOK_USER" MODIFY ("USERPASSWORD" NOT NULL ENABLE);
  ALTER TABLE "SA"."FACEBOOK_USER" ADD CHECK (Gender IN ('MALE', 'FEMALE')) ENABLE;
  ALTER TABLE "SA"."FACEBOOK_USER" ADD PRIMARY KEY ("USERID")
  USING INDEX PCTFREE 10 INITRANS 2 MAXTRANS 255 COMPUTE STATISTICS 
  STORAGE(INITIAL 65536 NEXT 1048576 MINEXTENTS 1 MAXEXTENTS 2147483645
  PCTINCREASE 0 FREELISTS 1 FREELIST GROUPS 1
  BUFFER_POOL DEFAULT FLASH_CACHE DEFAULT CELL_FLASH_CACHE DEFAULT)
  TABLESPACE "USERS"  ENABLE;
--------------------------------------------------------
--  Constraints for Table CREATOR_COMMENT
--------------------------------------------------------

  ALTER TABLE "SA"."CREATOR_COMMENT" MODIFY ("COMMENTCONTENT" NOT NULL ENABLE);
  ALTER TABLE "SA"."CREATOR_COMMENT" MODIFY ("EFFECTEDID" NOT NULL ENABLE);
  ALTER TABLE "SA"."CREATOR_COMMENT" ADD PRIMARY KEY ("ACTIONID")
  USING INDEX PCTFREE 10 INITRANS 2 MAXTRANS 255 COMPUTE STATISTICS 
  TABLESPACE "USERS"  ENABLE;
--------------------------------------------------------
--  Constraints for Table VISUAL_CONTENT
--------------------------------------------------------

  ALTER TABLE "SA"."VISUAL_CONTENT" MODIFY ("URL" NOT NULL ENABLE);
  ALTER TABLE "SA"."VISUAL_CONTENT" MODIFY ("CONTENTTYPE" NOT NULL ENABLE);
  ALTER TABLE "SA"."VISUAL_CONTENT" ADD CHECK (ContentType IN ('DOCUMENT', 'MEDIA')) ENABLE;
  ALTER TABLE "SA"."VISUAL_CONTENT" ADD PRIMARY KEY ("CONTENTID", "ACTIONID")
  USING INDEX PCTFREE 10 INITRANS 2 MAXTRANS 255 COMPUTE STATISTICS 
  STORAGE(INITIAL 65536 NEXT 1048576 MINEXTENTS 1 MAXEXTENTS 2147483645
  PCTINCREASE 0 FREELISTS 1 FREELIST GROUPS 1
  BUFFER_POOL DEFAULT FLASH_CACHE DEFAULT CELL_FLASH_CACHE DEFAULT)
  TABLESPACE "USERS"  ENABLE;
--------------------------------------------------------
--  Constraints for Table COMMUNITY_CATEGORY
--------------------------------------------------------

  ALTER TABLE "SA"."COMMUNITY_CATEGORY" MODIFY ("CATEGORYDESCRIPTION" NOT NULL ENABLE);
  ALTER TABLE "SA"."COMMUNITY_CATEGORY" ADD PRIMARY KEY ("CATEGORYNAME")
  USING INDEX PCTFREE 10 INITRANS 2 MAXTRANS 255 COMPUTE STATISTICS 
  STORAGE(INITIAL 65536 NEXT 1048576 MINEXTENTS 1 MAXEXTENTS 2147483645
  PCTINCREASE 0 FREELISTS 1 FREELIST GROUPS 1
  BUFFER_POOL DEFAULT FLASH_CACHE DEFAULT CELL_FLASH_CACHE DEFAULT)
  TABLESPACE "USERS"  ENABLE;
--------------------------------------------------------
--  Constraints for Table EFFECTED
--------------------------------------------------------

  ALTER TABLE "SA"."EFFECTED" ADD PRIMARY KEY ("EFFECTEDID")
  USING INDEX PCTFREE 10 INITRANS 2 MAXTRANS 255 COMPUTE STATISTICS 
  STORAGE(INITIAL 65536 NEXT 1048576 MINEXTENTS 1 MAXEXTENTS 2147483645
  PCTINCREASE 0 FREELISTS 1 FREELIST GROUPS 1
  BUFFER_POOL DEFAULT FLASH_CACHE DEFAULT CELL_FLASH_CACHE DEFAULT)
  TABLESPACE "USERS"  ENABLE;
--------------------------------------------------------
--  Constraints for Table ADS
--------------------------------------------------------

  ALTER TABLE "SA"."ADS" MODIFY ("TEXT" NOT NULL ENABLE);
  ALTER TABLE "SA"."ADS" MODIFY ("AGE" NOT NULL ENABLE);
  ALTER TABLE "SA"."ADS" MODIFY ("GENDER" NOT NULL ENABLE);
  ALTER TABLE "SA"."ADS" MODIFY ("STARTDATE" NOT NULL ENABLE);
  ALTER TABLE "SA"."ADS" MODIFY ("ENDDATE" NOT NULL ENABLE);
  ALTER TABLE "SA"."ADS" MODIFY ("PAYMENTTYPE" NOT NULL ENABLE);
  ALTER TABLE "SA"."ADS" MODIFY ("PRICE" NOT NULL ENABLE);
  ALTER TABLE "SA"."ADS" MODIFY ("PAYORSSN" NOT NULL ENABLE);
  ALTER TABLE "SA"."ADS" MODIFY ("CREATORID" NOT NULL ENABLE);
  ALTER TABLE "SA"."ADS" ADD CHECK (Age IN ('YOUNG','ADULT')) ENABLE;
  ALTER TABLE "SA"."ADS" ADD CHECK (Gender IN ('MALE','FEMALE')) ENABLE;
  ALTER TABLE "SA"."ADS" ADD CHECK (PaymentType IN ('CREDITCARD','PAYPAL')) ENABLE;
  ALTER TABLE "SA"."ADS" ADD PRIMARY KEY ("ANNOUNCEMENTID")
  USING INDEX PCTFREE 10 INITRANS 2 MAXTRANS 255 COMPUTE STATISTICS 
  TABLESPACE "USERS"  ENABLE;
--------------------------------------------------------
--  Constraints for Table SKILL
--------------------------------------------------------

  ALTER TABLE "SA"."SKILL" ADD PRIMARY KEY ("PROFILEINFOID", "COMMUNITYID", "USERID")
  USING INDEX PCTFREE 10 INITRANS 2 MAXTRANS 255 COMPUTE STATISTICS 
  STORAGE(INITIAL 65536 NEXT 1048576 MINEXTENTS 1 MAXEXTENTS 2147483645
  PCTINCREASE 0 FREELISTS 1 FREELIST GROUPS 1
  BUFFER_POOL DEFAULT FLASH_CACHE DEFAULT CELL_FLASH_CACHE DEFAULT)
  TABLESPACE "USERS"  ENABLE;
--------------------------------------------------------
--  Constraints for Table TAG
--------------------------------------------------------

  ALTER TABLE "SA"."TAG" ADD PRIMARY KEY ("ACTIONID", "CREATORID")
  USING INDEX PCTFREE 10 INITRANS 2 MAXTRANS 255 COMPUTE STATISTICS 
  TABLESPACE "USERS"  ENABLE;
--------------------------------------------------------
--  Constraints for Table COMMUNITY
--------------------------------------------------------

  ALTER TABLE "SA"."COMMUNITY" MODIFY ("COMMUNITYNAME" NOT NULL ENABLE);
  ALTER TABLE "SA"."COMMUNITY" MODIFY ("CREATEDDATE" NOT NULL ENABLE);
  ALTER TABLE "SA"."COMMUNITY" MODIFY ("CATEGORYNAME" NOT NULL ENABLE);
  ALTER TABLE "SA"."COMMUNITY" MODIFY ("COMMUNITYTYPE" NOT NULL ENABLE);
  ALTER TABLE "SA"."COMMUNITY" ADD CHECK (CommunityType IN ('PAGE', 'GROUP')) ENABLE;
  ALTER TABLE "SA"."COMMUNITY" ADD PRIMARY KEY ("COMMUNITYID", "USERID")
  USING INDEX PCTFREE 10 INITRANS 2 MAXTRANS 255 COMPUTE STATISTICS 
  STORAGE(INITIAL 65536 NEXT 1048576 MINEXTENTS 1 MAXEXTENTS 2147483645
  PCTINCREASE 0 FREELISTS 1 FREELIST GROUPS 1
  BUFFER_POOL DEFAULT FLASH_CACHE DEFAULT CELL_FLASH_CACHE DEFAULT)
  TABLESPACE "USERS"  ENABLE;
--------------------------------------------------------
--  Constraints for Table ACTION
--------------------------------------------------------

  ALTER TABLE "SA"."ACTION" MODIFY ("ACTIONTYPE" NOT NULL ENABLE);
  ALTER TABLE "SA"."ACTION" MODIFY ("CREATORID" NOT NULL ENABLE);
  ALTER TABLE "SA"."ACTION" MODIFY ("DESTINATIONID" NOT NULL ENABLE);
  ALTER TABLE "SA"."ACTION" MODIFY ("ACTIONDATE" NOT NULL ENABLE);
  ALTER TABLE "SA"."ACTION" ADD CHECK (ActionType IN ('REPORT','BLOCK','MESSAGE','REVIEW','SHARE','FOLLOW','LIKE','COMMENT','JOIN','FRIENDSHIP')) ENABLE;
  ALTER TABLE "SA"."ACTION" ADD PRIMARY KEY ("ACTIONID")
  USING INDEX PCTFREE 10 INITRANS 2 MAXTRANS 255 COMPUTE STATISTICS 
  STORAGE(INITIAL 65536 NEXT 1048576 MINEXTENTS 1 MAXEXTENTS 2147483645
  PCTINCREASE 0 FREELISTS 1 FREELIST GROUPS 1
  BUFFER_POOL DEFAULT FLASH_CACHE DEFAULT CELL_FLASH_CACHE DEFAULT)
  TABLESPACE "USERS"  ENABLE;
--------------------------------------------------------
--  Constraints for Table LANGUAGE_PROFILE_INFO
--------------------------------------------------------

  ALTER TABLE "SA"."LANGUAGE_PROFILE_INFO" ADD CHECK (LanguageLevel IN ('A1', 'A2', 'B1', 'B2', 'C1', 'C2')) ENABLE;
  ALTER TABLE "SA"."LANGUAGE_PROFILE_INFO" ADD PRIMARY KEY ("PROFILEINFOID", "COMMUNITYID", "USERID")
  USING INDEX PCTFREE 10 INITRANS 2 MAXTRANS 255 COMPUTE STATISTICS 
  STORAGE(INITIAL 65536 NEXT 1048576 MINEXTENTS 1 MAXEXTENTS 2147483645
  PCTINCREASE 0 FREELISTS 1 FREELIST GROUPS 1
  BUFFER_POOL DEFAULT FLASH_CACHE DEFAULT CELL_FLASH_CACHE DEFAULT)
  TABLESPACE "USERS"  ENABLE;
--------------------------------------------------------
--  Constraints for Table CREATOR
--------------------------------------------------------

  ALTER TABLE "SA"."CREATOR" ADD PRIMARY KEY ("CREATORID")
  USING INDEX PCTFREE 10 INITRANS 2 MAXTRANS 255 COMPUTE STATISTICS 
  STORAGE(INITIAL 65536 NEXT 1048576 MINEXTENTS 1 MAXEXTENTS 2147483645
  PCTINCREASE 0 FREELISTS 1 FREELIST GROUPS 1
  BUFFER_POOL DEFAULT FLASH_CACHE DEFAULT CELL_FLASH_CACHE DEFAULT)
  TABLESPACE "USERS"  ENABLE;
--------------------------------------------------------
--  Constraints for Table BOOKMARK
--------------------------------------------------------

  ALTER TABLE "SA"."BOOKMARK" MODIFY ("USERID" NOT NULL ENABLE);
  ALTER TABLE "SA"."BOOKMARK" MODIFY ("ACTIONID" NOT NULL ENABLE);
  ALTER TABLE "SA"."BOOKMARK" MODIFY ("SAVEDDATE" NOT NULL ENABLE);
  ALTER TABLE "SA"."BOOKMARK" ADD CONSTRAINT "BOOKMARK_PK" PRIMARY KEY ("USERID", "ACTIONID")
  USING INDEX PCTFREE 10 INITRANS 2 MAXTRANS 255 COMPUTE STATISTICS 
  TABLESPACE "USERS"  ENABLE;
--------------------------------------------------------
--  Constraints for Table JOB_ANNOUNCEMENT
--------------------------------------------------------

  ALTER TABLE "SA"."JOB_ANNOUNCEMENT" MODIFY ("TEXT" NOT NULL ENABLE);
  ALTER TABLE "SA"."JOB_ANNOUNCEMENT" MODIFY ("ANNOUNCEMENTDATE" NOT NULL ENABLE);
  ALTER TABLE "SA"."JOB_ANNOUNCEMENT" MODIFY ("DEADLINE" NOT NULL ENABLE);
  ALTER TABLE "SA"."JOB_ANNOUNCEMENT" MODIFY ("WORKTYPE" NOT NULL ENABLE);
  ALTER TABLE "SA"."JOB_ANNOUNCEMENT" MODIFY ("CREATORID" NOT NULL ENABLE);
  ALTER TABLE "SA"."JOB_ANNOUNCEMENT" ADD CHECK (WorkType IN ('FULLTIME','PARTTIME','INTERN')) ENABLE;
  ALTER TABLE "SA"."JOB_ANNOUNCEMENT" ADD PRIMARY KEY ("ANNOUNCEMENTID")
  USING INDEX PCTFREE 10 INITRANS 2 MAXTRANS 255 COMPUTE STATISTICS 
  STORAGE(INITIAL 65536 NEXT 1048576 MINEXTENTS 1 MAXEXTENTS 2147483645
  PCTINCREASE 0 FREELISTS 1 FREELIST GROUPS 1
  BUFFER_POOL DEFAULT FLASH_CACHE DEFAULT CELL_FLASH_CACHE DEFAULT)
  TABLESPACE "USERS"  ENABLE;
--------------------------------------------------------
--  Constraints for Table MESSAGE
--------------------------------------------------------

  ALTER TABLE "SA"."MESSAGE" MODIFY ("TEXT" NOT NULL ENABLE);
  ALTER TABLE "SA"."MESSAGE" ADD PRIMARY KEY ("ACTIONID")
  USING INDEX PCTFREE 10 INITRANS 2 MAXTRANS 255 COMPUTE STATISTICS 
  TABLESPACE "USERS"  ENABLE;
--------------------------------------------------------
--  Constraints for Table USER_PROFILE
--------------------------------------------------------

  ALTER TABLE "SA"."USER_PROFILE" MODIFY ("RELATION" NOT NULL ENABLE);
  ALTER TABLE "SA"."USER_PROFILE" MODIFY ("CREATORID" NOT NULL ENABLE);
  ALTER TABLE "SA"."USER_PROFILE" ADD CHECK (Relation IN ('MARRIED','ENGAGED','SINGLE','IN A RELATIONSHIP')) ENABLE;
  ALTER TABLE "SA"."USER_PROFILE" ADD PRIMARY KEY ("PROFILEID")
  USING INDEX PCTFREE 10 INITRANS 2 MAXTRANS 255 COMPUTE STATISTICS 
  STORAGE(INITIAL 65536 NEXT 1048576 MINEXTENTS 1 MAXEXTENTS 2147483645
  PCTINCREASE 0 FREELISTS 1 FREELIST GROUPS 1
  BUFFER_POOL DEFAULT FLASH_CACHE DEFAULT CELL_FLASH_CACHE DEFAULT)
  TABLESPACE "USERS"  ENABLE;
  ALTER TABLE "SA"."USER_PROFILE" ADD UNIQUE ("CREATORID")
  USING INDEX PCTFREE 10 INITRANS 2 MAXTRANS 255 COMPUTE STATISTICS 
  STORAGE(INITIAL 65536 NEXT 1048576 MINEXTENTS 1 MAXEXTENTS 2147483645
  PCTINCREASE 0 FREELISTS 1 FREELIST GROUPS 1
  BUFFER_POOL DEFAULT FLASH_CACHE DEFAULT CELL_FLASH_CACHE DEFAULT)
  TABLESPACE "USERS"  ENABLE;
--------------------------------------------------------
--  Constraints for Table COMMUNITY_ROLE
--------------------------------------------------------

  ALTER TABLE "SA"."COMMUNITY_ROLE" MODIFY ("USERID" NOT NULL ENABLE);
  ALTER TABLE "SA"."COMMUNITY_ROLE" MODIFY ("COMMUNITYID" NOT NULL ENABLE);
  ALTER TABLE "SA"."COMMUNITY_ROLE" MODIFY ("OWNERID" NOT NULL ENABLE);
  ALTER TABLE "SA"."COMMUNITY_ROLE" MODIFY ("ROLETYPE" NOT NULL ENABLE);
  ALTER TABLE "SA"."COMMUNITY_ROLE" ADD CHECK (RoleType IN ('ADMIN','MODERATOR','EDITOR')) ENABLE;
  ALTER TABLE "SA"."COMMUNITY_ROLE" ADD CONSTRAINT "COMMUNITYROLE_PK" PRIMARY KEY ("USERID", "COMMUNITYID")
  USING INDEX PCTFREE 10 INITRANS 2 MAXTRANS 255 COMPUTE STATISTICS 
  TABLESPACE "USERS"  ENABLE;
--------------------------------------------------------
--  Constraints for Table FOLLOW
--------------------------------------------------------

  ALTER TABLE "SA"."FOLLOW" ADD PRIMARY KEY ("ACTIONID")
  USING INDEX PCTFREE 10 INITRANS 2 MAXTRANS 255 COMPUTE STATISTICS 
  TABLESPACE "USERS"  ENABLE;
--------------------------------------------------------
--  Constraints for Table USER_REPORT
--------------------------------------------------------

  ALTER TABLE "SA"."USER_REPORT" MODIFY ("REASON" NOT NULL ENABLE);
  ALTER TABLE "SA"."USER_REPORT" ADD PRIMARY KEY ("ACTIONID")
  USING INDEX PCTFREE 10 INITRANS 2 MAXTRANS 255 COMPUTE STATISTICS 
  TABLESPACE "USERS"  ENABLE;
--------------------------------------------------------
--  Constraints for Table EVENT
--------------------------------------------------------

  ALTER TABLE "SA"."EVENT" MODIFY ("EVENTNAME" NOT NULL ENABLE);
  ALTER TABLE "SA"."EVENT" ADD PRIMARY KEY ("ACTIONID")
  USING INDEX PCTFREE 10 INITRANS 2 MAXTRANS 255 COMPUTE STATISTICS 
  TABLESPACE "USERS"  ENABLE;
--------------------------------------------------------
--  Constraints for Table CREATOR_NOTIFICATION
--------------------------------------------------------

  ALTER TABLE "SA"."CREATOR_NOTIFICATION" MODIFY ("CREATORID" NOT NULL ENABLE);
  ALTER TABLE "SA"."CREATOR_NOTIFICATION" MODIFY ("ACTIONID" NOT NULL ENABLE);
  ALTER TABLE "SA"."CREATOR_NOTIFICATION" MODIFY ("NOTIFICATIONCONTENT" NOT NULL ENABLE);
  ALTER TABLE "SA"."CREATOR_NOTIFICATION" ADD CONSTRAINT "NOTIFICATION_PK" PRIMARY KEY ("CREATORID", "ACTIONID")
  USING INDEX PCTFREE 10 INITRANS 2 MAXTRANS 255 COMPUTE STATISTICS 
  STORAGE(INITIAL 65536 NEXT 1048576 MINEXTENTS 1 MAXEXTENTS 2147483645
  PCTINCREASE 0 FREELISTS 1 FREELIST GROUPS 1
  BUFFER_POOL DEFAULT FLASH_CACHE DEFAULT CELL_FLASH_CACHE DEFAULT)
  TABLESPACE "USERS"  ENABLE;
--------------------------------------------------------
--  Constraints for Table CREATOR_SHARE
--------------------------------------------------------

  ALTER TABLE "SA"."CREATOR_SHARE" MODIFY ("SHARETYPE" NOT NULL ENABLE);
  ALTER TABLE "SA"."CREATOR_SHARE" MODIFY ("EFFECTEDID" NOT NULL ENABLE);
  ALTER TABLE "SA"."CREATOR_SHARE" ADD CHECK (ShareType IN ('EVENT','POST','ALBUM','STORY')) ENABLE;
  ALTER TABLE "SA"."CREATOR_SHARE" ADD PRIMARY KEY ("ACTIONID")
  USING INDEX PCTFREE 10 INITRANS 2 MAXTRANS 255 COMPUTE STATISTICS 
  STORAGE(INITIAL 65536 NEXT 1048576 MINEXTENTS 1 MAXEXTENTS 2147483645
  PCTINCREASE 0 FREELISTS 1 FREELIST GROUPS 1
  BUFFER_POOL DEFAULT FLASH_CACHE DEFAULT CELL_FLASH_CACHE DEFAULT)
  TABLESPACE "USERS"  ENABLE;
--------------------------------------------------------
--  Constraints for Table POST
--------------------------------------------------------

  ALTER TABLE "SA"."POST" MODIFY ("POSTCONTENT" NOT NULL ENABLE);
  ALTER TABLE "SA"."POST" MODIFY ("PRIVACY" NOT NULL ENABLE);
  ALTER TABLE "SA"."POST" ADD CHECK (Privacy IN ('PUBLIC','ONLY ME','ONLY FRIENDS')) ENABLE;
  ALTER TABLE "SA"."POST" ADD PRIMARY KEY ("ACTIONID")
  USING INDEX PCTFREE 10 INITRANS 2 MAXTRANS 255 COMPUTE STATISTICS 
  STORAGE(INITIAL 65536 NEXT 1048576 MINEXTENTS 1 MAXEXTENTS 2147483645
  PCTINCREASE 0 FREELISTS 1 FREELIST GROUPS 1
  BUFFER_POOL DEFAULT FLASH_CACHE DEFAULT CELL_FLASH_CACHE DEFAULT)
  TABLESPACE "USERS"  ENABLE;
--------------------------------------------------------
--  Constraints for Table PAGE_SETTINGS
--------------------------------------------------------

  ALTER TABLE "SA"."PAGE_SETTINGS" MODIFY ("ISACTIVE" NOT NULL ENABLE);
  ALTER TABLE "SA"."PAGE_SETTINGS" MODIFY ("CREATORID" NOT NULL ENABLE);
  ALTER TABLE "SA"."PAGE_SETTINGS" ADD PRIMARY KEY ("PAGESETTINGSID")
  USING INDEX PCTFREE 10 INITRANS 2 MAXTRANS 255 COMPUTE STATISTICS 
  TABLESPACE "USERS"  ENABLE;
--------------------------------------------------------
--  Constraints for Table VIDEO
--------------------------------------------------------

  ALTER TABLE "SA"."VIDEO" ADD PRIMARY KEY ("CONTENTID", "ACTIONID")
  USING INDEX PCTFREE 10 INITRANS 2 MAXTRANS 255 COMPUTE STATISTICS 
  TABLESPACE "USERS"  ENABLE;
--------------------------------------------------------
--  Constraints for Table DOCUMENT
--------------------------------------------------------

  ALTER TABLE "SA"."DOCUMENT" ADD PRIMARY KEY ("CONTENTID", "ACTIONID")
  USING INDEX PCTFREE 10 INITRANS 2 MAXTRANS 255 COMPUTE STATISTICS 
  STORAGE(INITIAL 65536 NEXT 1048576 MINEXTENTS 1 MAXEXTENTS 2147483645
  PCTINCREASE 0 FREELISTS 1 FREELIST GROUPS 1
  BUFFER_POOL DEFAULT FLASH_CACHE DEFAULT CELL_FLASH_CACHE DEFAULT)
  TABLESPACE "USERS"  ENABLE;
--------------------------------------------------------
--  Constraints for Table REVIEW
--------------------------------------------------------

  ALTER TABLE "SA"."REVIEW" MODIFY ("CONTENT" NOT NULL ENABLE);
  ALTER TABLE "SA"."REVIEW" MODIFY ("RATING" NOT NULL ENABLE);
  ALTER TABLE "SA"."REVIEW" ADD CHECK (Rating IN ('1','2','3','4','5')) ENABLE;
  ALTER TABLE "SA"."REVIEW" ADD PRIMARY KEY ("ACTIONID")
  USING INDEX PCTFREE 10 INITRANS 2 MAXTRANS 255 COMPUTE STATISTICS 
  TABLESPACE "USERS"  ENABLE;
--------------------------------------------------------
--  Constraints for Table CITY
--------------------------------------------------------

  ALTER TABLE "SA"."CITY" MODIFY ("CITYNAME" NOT NULL ENABLE);
  ALTER TABLE "SA"."CITY" ADD CONSTRAINT "CITY_PK" PRIMARY KEY ("COUNTRYCODE", "CITYNAME")
  USING INDEX PCTFREE 10 INITRANS 2 MAXTRANS 255 COMPUTE STATISTICS 
  STORAGE(INITIAL 65536 NEXT 1048576 MINEXTENTS 1 MAXEXTENTS 2147483645
  PCTINCREASE 0 FREELISTS 1 FREELIST GROUPS 1
  BUFFER_POOL DEFAULT FLASH_CACHE DEFAULT CELL_FLASH_CACHE DEFAULT)
  TABLESPACE "USERS"  ENABLE;
--------------------------------------------------------
--  Constraints for Table EVENT_JOIN_STATUS
--------------------------------------------------------

  ALTER TABLE "SA"."EVENT_JOIN_STATUS" MODIFY ("STATUS" NOT NULL ENABLE);
  ALTER TABLE "SA"."EVENT_JOIN_STATUS" ADD CHECK (Status IN ('GOING', 'INTERESTED')) ENABLE;
  ALTER TABLE "SA"."EVENT_JOIN_STATUS" ADD PRIMARY KEY ("ACTIONID", "USERID")
  USING INDEX PCTFREE 10 INITRANS 2 MAXTRANS 255 COMPUTE STATISTICS 
  TABLESPACE "USERS"  ENABLE;
--------------------------------------------------------
--  Constraints for Table PHOTO
--------------------------------------------------------

  ALTER TABLE "SA"."PHOTO" ADD PRIMARY KEY ("CONTENTID", "ACTIONID")
  USING INDEX PCTFREE 10 INITRANS 2 MAXTRANS 255 COMPUTE STATISTICS 
  STORAGE(INITIAL 65536 NEXT 1048576 MINEXTENTS 1 MAXEXTENTS 2147483645
  PCTINCREASE 0 FREELISTS 1 FREELIST GROUPS 1
  BUFFER_POOL DEFAULT FLASH_CACHE DEFAULT CELL_FLASH_CACHE DEFAULT)
  TABLESPACE "USERS"  ENABLE;
--------------------------------------------------------
--  Constraints for Table GROUP_FACEBOOK
--------------------------------------------------------

  ALTER TABLE "SA"."GROUP_FACEBOOK" ADD PRIMARY KEY ("COMMUNITYID", "USERID")
  USING INDEX PCTFREE 10 INITRANS 2 MAXTRANS 255 COMPUTE STATISTICS 
  STORAGE(INITIAL 65536 NEXT 1048576 MINEXTENTS 1 MAXEXTENTS 2147483645
  PCTINCREASE 0 FREELISTS 1 FREELIST GROUPS 1
  BUFFER_POOL DEFAULT FLASH_CACHE DEFAULT CELL_FLASH_CACHE DEFAULT)
  TABLESPACE "USERS"  ENABLE;
--------------------------------------------------------
--  Constraints for Table PROFILE_INFO
--------------------------------------------------------

  ALTER TABLE "SA"."PROFILE_INFO" MODIFY ("PROFILEINFOTYPE" NOT NULL ENABLE);
  ALTER TABLE "SA"."PROFILE_INFO" ADD PRIMARY KEY ("PROFILEID", "COMMUNITYID", "USERID")
  USING INDEX PCTFREE 10 INITRANS 2 MAXTRANS 255 COMPUTE STATISTICS 
  STORAGE(INITIAL 65536 NEXT 1048576 MINEXTENTS 1 MAXEXTENTS 2147483645
  PCTINCREASE 0 FREELISTS 1 FREELIST GROUPS 1
  BUFFER_POOL DEFAULT FLASH_CACHE DEFAULT CELL_FLASH_CACHE DEFAULT)
  TABLESPACE "USERS"  ENABLE;
  ALTER TABLE "SA"."PROFILE_INFO" ADD CONSTRAINT "SYS_C0014838" CHECK (ProfileInfoType IN ('HIGH SCHOOL', 'COMPANY', 'SKILL', 'UNIVERSITY','LANGUAGE')) ENABLE;
--------------------------------------------------------
--  Constraints for Table STORY
--------------------------------------------------------

  ALTER TABLE "SA"."STORY" ADD PRIMARY KEY ("ACTIONID")
  USING INDEX PCTFREE 10 INITRANS 2 MAXTRANS 255 COMPUTE STATISTICS 
  TABLESPACE "USERS"  ENABLE;
--------------------------------------------------------
--  Constraints for Table UNIVERSITY
--------------------------------------------------------

  ALTER TABLE "SA"."UNIVERSITY" ADD PRIMARY KEY ("PROFILEINFOID", "COMMUNITYID", "USERID")
  USING INDEX PCTFREE 10 INITRANS 2 MAXTRANS 255 COMPUTE STATISTICS 
  STORAGE(INITIAL 65536 NEXT 1048576 MINEXTENTS 1 MAXEXTENTS 2147483645
  PCTINCREASE 0 FREELISTS 1 FREELIST GROUPS 1
  BUFFER_POOL DEFAULT FLASH_CACHE DEFAULT CELL_FLASH_CACHE DEFAULT)
  TABLESPACE "USERS"  ENABLE;
--------------------------------------------------------
--  Constraints for Table GROUP_JOIN
--------------------------------------------------------

  ALTER TABLE "SA"."GROUP_JOIN" ADD PRIMARY KEY ("ACTIONID")
  USING INDEX PCTFREE 10 INITRANS 2 MAXTRANS 255 COMPUTE STATISTICS 
  TABLESPACE "USERS"  ENABLE;
--------------------------------------------------------
--  Constraints for Table MEDIA
--------------------------------------------------------

  ALTER TABLE "SA"."MEDIA" MODIFY ("MEDIATYPE" NOT NULL ENABLE);
  ALTER TABLE "SA"."MEDIA" ADD CHECK (MediaType IN ('PHOTO', 'VIDEO')) ENABLE;
  ALTER TABLE "SA"."MEDIA" ADD PRIMARY KEY ("CONTENTID", "ACTIONID")
  USING INDEX PCTFREE 10 INITRANS 2 MAXTRANS 255 COMPUTE STATISTICS 
  STORAGE(INITIAL 65536 NEXT 1048576 MINEXTENTS 1 MAXEXTENTS 2147483645
  PCTINCREASE 0 FREELISTS 1 FREELIST GROUPS 1
  BUFFER_POOL DEFAULT FLASH_CACHE DEFAULT CELL_FLASH_CACHE DEFAULT)
  TABLESPACE "USERS"  ENABLE;
--------------------------------------------------------
--  Constraints for Table GROUP_SETTINGS
--------------------------------------------------------

  ALTER TABLE "SA"."GROUP_SETTINGS" MODIFY ("ISACTIVE" NOT NULL ENABLE);
  ALTER TABLE "SA"."GROUP_SETTINGS" MODIFY ("CREATORID" NOT NULL ENABLE);
  ALTER TABLE "SA"."GROUP_SETTINGS" ADD PRIMARY KEY ("PAGESETTINGSID")
  USING INDEX PCTFREE 10 INITRANS 2 MAXTRANS 255 COMPUTE STATISTICS 
  TABLESPACE "USERS"  ENABLE;
--------------------------------------------------------
--  Constraints for Table COMPANY
--------------------------------------------------------

  ALTER TABLE "SA"."COMPANY" ADD PRIMARY KEY ("PROFILEINFOID", "COMMUNITYID", "USERID")
  USING INDEX PCTFREE 10 INITRANS 2 MAXTRANS 255 COMPUTE STATISTICS 
  STORAGE(INITIAL 65536 NEXT 1048576 MINEXTENTS 1 MAXEXTENTS 2147483645
  PCTINCREASE 0 FREELISTS 1 FREELIST GROUPS 1
  BUFFER_POOL DEFAULT FLASH_CACHE DEFAULT CELL_FLASH_CACHE DEFAULT)
  TABLESPACE "USERS"  ENABLE;
--------------------------------------------------------
--  Constraints for Table PAGE
--------------------------------------------------------

  ALTER TABLE "SA"."PAGE" MODIFY ("EMAIL" NOT NULL ENABLE);
  ALTER TABLE "SA"."PAGE" ADD PRIMARY KEY ("COMMUNITYID", "USERID")
  USING INDEX PCTFREE 10 INITRANS 2 MAXTRANS 255 COMPUTE STATISTICS 
  STORAGE(INITIAL 65536 NEXT 1048576 MINEXTENTS 1 MAXEXTENTS 2147483645
  PCTINCREASE 0 FREELISTS 1 FREELIST GROUPS 1
  BUFFER_POOL DEFAULT FLASH_CACHE DEFAULT CELL_FLASH_CACHE DEFAULT)
  TABLESPACE "USERS"  ENABLE;
--------------------------------------------------------
--  Constraints for Table JOB_APPLY
--------------------------------------------------------

  ALTER TABLE "SA"."JOB_APPLY" MODIFY ("JOBRESUME" NOT NULL ENABLE);
  ALTER TABLE "SA"."JOB_APPLY" ADD PRIMARY KEY ("ANNOUNCEMENTID", "USERID")
  USING INDEX PCTFREE 10 INITRANS 2 MAXTRANS 255 COMPUTE STATISTICS 
  STORAGE(INITIAL 65536 NEXT 1048576 MINEXTENTS 1 MAXEXTENTS 2147483645
  PCTINCREASE 0 FREELISTS 1 FREELIST GROUPS 1
  BUFFER_POOL DEFAULT FLASH_CACHE DEFAULT CELL_FLASH_CACHE DEFAULT)
  TABLESPACE "USERS"  ENABLE;
--------------------------------------------------------
--  Constraints for Table USER_SETTINGS
--------------------------------------------------------

  ALTER TABLE "SA"."USER_SETTINGS" MODIFY ("ISACTIVE" NOT NULL ENABLE);
  ALTER TABLE "SA"."USER_SETTINGS" MODIFY ("APPLICATIONLANGUAGE" NOT NULL ENABLE);
  ALTER TABLE "SA"."USER_SETTINGS" MODIFY ("TWOFACTORAUTHENTICATION" NOT NULL ENABLE);
  ALTER TABLE "SA"."USER_SETTINGS" MODIFY ("POSTPRIVACY" NOT NULL ENABLE);
  ALTER TABLE "SA"."USER_SETTINGS" MODIFY ("CREATORID" NOT NULL ENABLE);
  ALTER TABLE "SA"."USER_SETTINGS" ADD CHECK (ApplicationLanguage IN ('ENGLISH','TURKISH','GERMAN','SPANISH','RUSSIAN')) ENABLE;
  ALTER TABLE "SA"."USER_SETTINGS" ADD CHECK (PostPrivacy IN ('PUBLIC','ONLY ME','ONLY FRIENDS')) ENABLE;
  ALTER TABLE "SA"."USER_SETTINGS" ADD PRIMARY KEY ("USERSETTINGSID")
  USING INDEX PCTFREE 10 INITRANS 2 MAXTRANS 255 COMPUTE STATISTICS 
  TABLESPACE "USERS"  ENABLE;
--------------------------------------------------------
--  Constraints for Table CREATOR_LIKE
--------------------------------------------------------

  ALTER TABLE "SA"."CREATOR_LIKE" ADD CHECK (Emoji IN ('ANGRY','HAPPY','SAD','SHY')) ENABLE;
  ALTER TABLE "SA"."CREATOR_LIKE" ADD PRIMARY KEY ("ACTIONID")
  USING INDEX PCTFREE 10 INITRANS 2 MAXTRANS 255 COMPUTE STATISTICS 
  STORAGE(INITIAL 65536 NEXT 1048576 MINEXTENTS 1 MAXEXTENTS 2147483645
  PCTINCREASE 0 FREELISTS 1 FREELIST GROUPS 1
  BUFFER_POOL DEFAULT FLASH_CACHE DEFAULT CELL_FLASH_CACHE DEFAULT)
  TABLESPACE "USERS"  ENABLE;
--------------------------------------------------------
--  Constraints for Table COUNTRY
--------------------------------------------------------

  ALTER TABLE "SA"."COUNTRY" MODIFY ("COUNTRYNAME" NOT NULL ENABLE);
  ALTER TABLE "SA"."COUNTRY" ADD PRIMARY KEY ("CODE")
  USING INDEX PCTFREE 10 INITRANS 2 MAXTRANS 255 COMPUTE STATISTICS 
  STORAGE(INITIAL 65536 NEXT 1048576 MINEXTENTS 1 MAXEXTENTS 2147483645
  PCTINCREASE 0 FREELISTS 1 FREELIST GROUPS 1
  BUFFER_POOL DEFAULT FLASH_CACHE DEFAULT CELL_FLASH_CACHE DEFAULT)
  TABLESPACE "USERS"  ENABLE;
--------------------------------------------------------
--  Constraints for Table ALBUM
--------------------------------------------------------

  ALTER TABLE "SA"."ALBUM" MODIFY ("ALBUMNAME" NOT NULL ENABLE);
  ALTER TABLE "SA"."ALBUM" MODIFY ("PRIVACY" NOT NULL ENABLE);
  ALTER TABLE "SA"."ALBUM" ADD CHECK (Privacy IN ('PUBLIC','ONLY ME','ONLY FRIENDS')) ENABLE;
  ALTER TABLE "SA"."ALBUM" ADD PRIMARY KEY ("ACTIONID")
  USING INDEX PCTFREE 10 INITRANS 2 MAXTRANS 255 COMPUTE STATISTICS 
  TABLESPACE "USERS"  ENABLE;
--------------------------------------------------------
--  Constraints for Table USER_BLOCK
--------------------------------------------------------

  ALTER TABLE "SA"."USER_BLOCK" ADD PRIMARY KEY ("ACTIONID")
  USING INDEX PCTFREE 10 INITRANS 2 MAXTRANS 255 COMPUTE STATISTICS 
  TABLESPACE "USERS"  ENABLE;
--------------------------------------------------------
--  Ref Constraints for Table ACTION
--------------------------------------------------------

  ALTER TABLE "SA"."ACTION" ADD CONSTRAINT "ACTION_FK" FOREIGN KEY ("DESTINATIONID")
	  REFERENCES "SA"."EFFECTED" ("EFFECTEDID") ON DELETE CASCADE ENABLE;
  ALTER TABLE "SA"."ACTION" ADD CONSTRAINT "ACTION_FK_2" FOREIGN KEY ("CREATORID")
	  REFERENCES "SA"."CREATOR" ("CREATORID") ON DELETE CASCADE ENABLE;
--------------------------------------------------------
--  Ref Constraints for Table ADS
--------------------------------------------------------

  ALTER TABLE "SA"."ADS" ADD CONSTRAINT "ADS_FK1" FOREIGN KEY ("CREATORID")
	  REFERENCES "SA"."CREATOR" ("CREATORID") ON DELETE CASCADE ENABLE;
--------------------------------------------------------
--  Ref Constraints for Table ALBUM
--------------------------------------------------------

  ALTER TABLE "SA"."ALBUM" ADD CONSTRAINT "ALBUM_FK" FOREIGN KEY ("ACTIONID")
	  REFERENCES "SA"."CREATOR_SHARE" ("ACTIONID") ON DELETE CASCADE ENABLE;
--------------------------------------------------------
--  Ref Constraints for Table BOOKMARK
--------------------------------------------------------

  ALTER TABLE "SA"."BOOKMARK" ADD CONSTRAINT "BOOKMARK_FK" FOREIGN KEY ("USERID")
	  REFERENCES "SA"."FACEBOOK_USER" ("USERID") ON DELETE CASCADE ENABLE;
  ALTER TABLE "SA"."BOOKMARK" ADD CONSTRAINT "BOOKMARK_FK2" FOREIGN KEY ("ACTIONID")
	  REFERENCES "SA"."CREATOR_SHARE" ("ACTIONID") ON DELETE CASCADE ENABLE;
--------------------------------------------------------
--  Ref Constraints for Table CITY
--------------------------------------------------------

  ALTER TABLE "SA"."CITY" ADD CONSTRAINT "CITY_FK" FOREIGN KEY ("COUNTRYCODE")
	  REFERENCES "SA"."COUNTRY" ("CODE") ON DELETE CASCADE ENABLE;
--------------------------------------------------------
--  Ref Constraints for Table COMMUNITY
--------------------------------------------------------

  ALTER TABLE "SA"."COMMUNITY" ADD CONSTRAINT "COMMUNITY_FK" FOREIGN KEY ("USERID")
	  REFERENCES "SA"."FACEBOOK_USER" ("USERID") ON DELETE CASCADE ENABLE;
  ALTER TABLE "SA"."COMMUNITY" ADD CONSTRAINT "COMMUNITY_FK2" FOREIGN KEY ("CATEGORYNAME")
	  REFERENCES "SA"."COMMUNITY_CATEGORY" ("CATEGORYNAME") ON DELETE CASCADE ENABLE;
  ALTER TABLE "SA"."COMMUNITY" ADD CONSTRAINT "COMMUNITY_FK3" FOREIGN KEY ("CREATORID")
	  REFERENCES "SA"."CREATOR" ("CREATORID") ON DELETE CASCADE ENABLE;
--------------------------------------------------------
--  Ref Constraints for Table COMMUNITY_ROLE
--------------------------------------------------------

  ALTER TABLE "SA"."COMMUNITY_ROLE" ADD CONSTRAINT "COMMUNITY_ROLE_FK" FOREIGN KEY ("OWNERID")
	  REFERENCES "SA"."FACEBOOK_USER" ("USERID") ON DELETE CASCADE ENABLE;
  ALTER TABLE "SA"."COMMUNITY_ROLE" ADD CONSTRAINT "COMMUNITY_ROLE_FK2" FOREIGN KEY ("COMMUNITYID", "USERID")
	  REFERENCES "SA"."COMMUNITY" ("COMMUNITYID", "USERID") ON DELETE CASCADE ENABLE;
--------------------------------------------------------
--  Ref Constraints for Table COMPANY
--------------------------------------------------------

  ALTER TABLE "SA"."COMPANY" ADD CONSTRAINT "COMPANY_FK1" FOREIGN KEY ("PROFILEINFOID", "COMMUNITYID", "USERID")
	  REFERENCES "SA"."PROFILE_INFO" ("PROFILEID", "COMMUNITYID", "USERID") ON DELETE CASCADE ENABLE;
--------------------------------------------------------
--  Ref Constraints for Table CREATOR
--------------------------------------------------------

  ALTER TABLE "SA"."CREATOR" ADD CONSTRAINT "CREATOR_FK" FOREIGN KEY ("EFFECTEDID")
	  REFERENCES "SA"."EFFECTED" ("EFFECTEDID") ON DELETE CASCADE ENABLE;
--------------------------------------------------------
--  Ref Constraints for Table CREATOR_COMMENT
--------------------------------------------------------

  ALTER TABLE "SA"."CREATOR_COMMENT" ADD CONSTRAINT "CREATOR_COMMENT_FK" FOREIGN KEY ("ACTIONID")
	  REFERENCES "SA"."ACTION" ("ACTIONID") ON DELETE CASCADE ENABLE;
  ALTER TABLE "SA"."CREATOR_COMMENT" ADD CONSTRAINT "CREATOR_COMMENT_FK2" FOREIGN KEY ("EFFECTEDID")
	  REFERENCES "SA"."EFFECTED" ("EFFECTEDID") ON DELETE CASCADE ENABLE;
--------------------------------------------------------
--  Ref Constraints for Table CREATOR_LIKE
--------------------------------------------------------

  ALTER TABLE "SA"."CREATOR_LIKE" ADD CONSTRAINT "CREATOR_LIKE_FK" FOREIGN KEY ("ACTIONID")
	  REFERENCES "SA"."ACTION" ("ACTIONID") ON DELETE CASCADE ENABLE;
--------------------------------------------------------
--  Ref Constraints for Table CREATOR_NOTIFICATION
--------------------------------------------------------

  ALTER TABLE "SA"."CREATOR_NOTIFICATION" ADD CONSTRAINT "CREATOR_NOTIFICATION_FK" FOREIGN KEY ("CREATORID")
	  REFERENCES "SA"."CREATOR" ("CREATORID") ON DELETE CASCADE ENABLE;
  ALTER TABLE "SA"."CREATOR_NOTIFICATION" ADD CONSTRAINT "CREATOR_NOTIFICATION_FK2" FOREIGN KEY ("ACTIONID")
	  REFERENCES "SA"."ACTION" ("ACTIONID") ON DELETE CASCADE ENABLE;
--------------------------------------------------------
--  Ref Constraints for Table CREATOR_SHARE
--------------------------------------------------------

  ALTER TABLE "SA"."CREATOR_SHARE" ADD CONSTRAINT "SHARE_FK" FOREIGN KEY ("EFFECTEDID")
	  REFERENCES "SA"."EFFECTED" ("EFFECTEDID") ON DELETE CASCADE ENABLE;
  ALTER TABLE "SA"."CREATOR_SHARE" ADD CONSTRAINT "SHARE_FK2" FOREIGN KEY ("COUNTRYCODE", "CITYNAME")
	  REFERENCES "SA"."CITY" ("COUNTRYCODE", "CITYNAME") ON DELETE SET NULL ENABLE;
--------------------------------------------------------
--  Ref Constraints for Table DOCUMENT
--------------------------------------------------------

  ALTER TABLE "SA"."DOCUMENT" ADD CONSTRAINT "DOCUMENT_FK" FOREIGN KEY ("CONTENTID", "ACTIONID")
	  REFERENCES "SA"."VISUAL_CONTENT" ("CONTENTID", "ACTIONID") ON DELETE CASCADE ENABLE;
--------------------------------------------------------
--  Ref Constraints for Table EVENT
--------------------------------------------------------

  ALTER TABLE "SA"."EVENT" ADD CONSTRAINT "EVENT_FK" FOREIGN KEY ("ACTIONID")
	  REFERENCES "SA"."CREATOR_SHARE" ("ACTIONID") ON DELETE CASCADE ENABLE;
--------------------------------------------------------
--  Ref Constraints for Table EVENT_JOIN_STATUS
--------------------------------------------------------

  ALTER TABLE "SA"."EVENT_JOIN_STATUS" ADD CONSTRAINT "JOIN_STATUS_FK" FOREIGN KEY ("USERID")
	  REFERENCES "SA"."FACEBOOK_USER" ("USERID") ON DELETE CASCADE ENABLE;
  ALTER TABLE "SA"."EVENT_JOIN_STATUS" ADD CONSTRAINT "JOIN_STATUS_FK2" FOREIGN KEY ("ACTIONID")
	  REFERENCES "SA"."ACTION" ("ACTIONID") ON DELETE CASCADE ENABLE;
--------------------------------------------------------
--  Ref Constraints for Table FACEBOOK_USER
--------------------------------------------------------

  ALTER TABLE "SA"."FACEBOOK_USER" ADD CONSTRAINT "FACEBOOK_USER_FK" FOREIGN KEY ("CREATORID")
	  REFERENCES "SA"."CREATOR" ("CREATORID") ON DELETE CASCADE ENABLE;
--------------------------------------------------------
--  Ref Constraints for Table FOLLOW
--------------------------------------------------------

  ALTER TABLE "SA"."FOLLOW" ADD CONSTRAINT "FOLLOW_FK" FOREIGN KEY ("ACTIONID")
	  REFERENCES "SA"."ACTION" ("ACTIONID") ON DELETE CASCADE ENABLE;
--------------------------------------------------------
--  Ref Constraints for Table FRIENDSHIP
--------------------------------------------------------

  ALTER TABLE "SA"."FRIENDSHIP" ADD CONSTRAINT "FRIENDSHIP_FK" FOREIGN KEY ("ACTIONID")
	  REFERENCES "SA"."ACTION" ("ACTIONID") ON DELETE CASCADE ENABLE;
--------------------------------------------------------
--  Ref Constraints for Table GROUP_FACEBOOK
--------------------------------------------------------

  ALTER TABLE "SA"."GROUP_FACEBOOK" ADD CONSTRAINT "GROUP_FACEBOOK_FK" FOREIGN KEY ("COMMUNITYID", "USERID")
	  REFERENCES "SA"."COMMUNITY" ("COMMUNITYID", "USERID") ON DELETE CASCADE ENABLE;
--------------------------------------------------------
--  Ref Constraints for Table GROUP_JOIN
--------------------------------------------------------

  ALTER TABLE "SA"."GROUP_JOIN" ADD CONSTRAINT "GROUP_JOIN_FK" FOREIGN KEY ("ACTIONID")
	  REFERENCES "SA"."ACTION" ("ACTIONID") ON DELETE CASCADE ENABLE;
--------------------------------------------------------
--  Ref Constraints for Table GROUP_SETTINGS
--------------------------------------------------------

  ALTER TABLE "SA"."GROUP_SETTINGS" ADD CONSTRAINT "GROUP_SETTINGS_FK" FOREIGN KEY ("CREATORID")
	  REFERENCES "SA"."CREATOR" ("CREATORID") ON DELETE CASCADE ENABLE;
--------------------------------------------------------
--  Ref Constraints for Table JOB_ANNOUNCEMENT
--------------------------------------------------------

  ALTER TABLE "SA"."JOB_ANNOUNCEMENT" ADD CONSTRAINT "JOB_FK1" FOREIGN KEY ("CREATORID")
	  REFERENCES "SA"."CREATOR" ("CREATORID") ON DELETE CASCADE ENABLE;
--------------------------------------------------------
--  Ref Constraints for Table JOB_APPLY
--------------------------------------------------------

  ALTER TABLE "SA"."JOB_APPLY" ADD CONSTRAINT "JOB_APPLY_FK" FOREIGN KEY ("ANNOUNCEMENTID")
	  REFERENCES "SA"."JOB_ANNOUNCEMENT" ("ANNOUNCEMENTID") ON DELETE CASCADE ENABLE;
  ALTER TABLE "SA"."JOB_APPLY" ADD CONSTRAINT "JOB_APPLY_FK2" FOREIGN KEY ("USERID")
	  REFERENCES "SA"."FACEBOOK_USER" ("USERID") ON DELETE CASCADE ENABLE;
--------------------------------------------------------
--  Ref Constraints for Table LANGUAGE_PROFILE_INFO
--------------------------------------------------------

  ALTER TABLE "SA"."LANGUAGE_PROFILE_INFO" ADD CONSTRAINT "LANGUAGE_PROFILE_INFO_FK1" FOREIGN KEY ("PROFILEINFOID", "COMMUNITYID", "USERID")
	  REFERENCES "SA"."PROFILE_INFO" ("PROFILEID", "COMMUNITYID", "USERID") ON DELETE CASCADE ENABLE;
--------------------------------------------------------
--  Ref Constraints for Table MEDIA
--------------------------------------------------------

  ALTER TABLE "SA"."MEDIA" ADD CONSTRAINT "MEDIA_FK" FOREIGN KEY ("CONTENTID", "ACTIONID")
	  REFERENCES "SA"."VISUAL_CONTENT" ("CONTENTID", "ACTIONID") ON DELETE CASCADE ENABLE;
--------------------------------------------------------
--  Ref Constraints for Table MESSAGE
--------------------------------------------------------

  ALTER TABLE "SA"."MESSAGE" ADD CONSTRAINT "MESSAGE_FK" FOREIGN KEY ("ACTIONID")
	  REFERENCES "SA"."ACTION" ("ACTIONID") ON DELETE CASCADE ENABLE;
--------------------------------------------------------
--  Ref Constraints for Table PAGE
--------------------------------------------------------

  ALTER TABLE "SA"."PAGE" ADD CONSTRAINT "PAGE_FK" FOREIGN KEY ("COMMUNITYID", "USERID")
	  REFERENCES "SA"."COMMUNITY" ("COMMUNITYID", "USERID") ON DELETE CASCADE ENABLE;
  ALTER TABLE "SA"."PAGE" ADD CONSTRAINT "PAGE_FK2" FOREIGN KEY ("CITYCOUNTRY", "CITYNAME")
	  REFERENCES "SA"."CITY" ("COUNTRYCODE", "CITYNAME") ON DELETE SET NULL ENABLE;
--------------------------------------------------------
--  Ref Constraints for Table PAGE_SETTINGS
--------------------------------------------------------

  ALTER TABLE "SA"."PAGE_SETTINGS" ADD CONSTRAINT "PAGE_SETTINGS_FK" FOREIGN KEY ("CREATORID")
	  REFERENCES "SA"."CREATOR" ("CREATORID") ON DELETE CASCADE ENABLE;
--------------------------------------------------------
--  Ref Constraints for Table PHOTO
--------------------------------------------------------

  ALTER TABLE "SA"."PHOTO" ADD CONSTRAINT "PHOTO_FK" FOREIGN KEY ("CONTENTID", "ACTIONID")
	  REFERENCES "SA"."VISUAL_CONTENT" ("CONTENTID", "ACTIONID") ON DELETE CASCADE ENABLE;
--------------------------------------------------------
--  Ref Constraints for Table POST
--------------------------------------------------------

  ALTER TABLE "SA"."POST" ADD CONSTRAINT "POST_FK" FOREIGN KEY ("ACTIONID")
	  REFERENCES "SA"."CREATOR_SHARE" ("ACTIONID") ON DELETE CASCADE ENABLE;
--------------------------------------------------------
--  Ref Constraints for Table PROFILE_INFO
--------------------------------------------------------

  ALTER TABLE "SA"."PROFILE_INFO" ADD CONSTRAINT "PROFILE_INFO_FK" FOREIGN KEY ("PROFILEID")
	  REFERENCES "SA"."USER_PROFILE" ("PROFILEID") ON DELETE CASCADE ENABLE;
  ALTER TABLE "SA"."PROFILE_INFO" ADD CONSTRAINT "PROFILE_INFO_FK2" FOREIGN KEY ("COMMUNITYID", "USERID")
	  REFERENCES "SA"."PAGE" ("COMMUNITYID", "USERID") ON DELETE CASCADE ENABLE;
--------------------------------------------------------
--  Ref Constraints for Table REVIEW
--------------------------------------------------------

  ALTER TABLE "SA"."REVIEW" ADD CONSTRAINT "REVIEW_FK" FOREIGN KEY ("ACTIONID")
	  REFERENCES "SA"."ACTION" ("ACTIONID") ON DELETE CASCADE ENABLE;
--------------------------------------------------------
--  Ref Constraints for Table SKILL
--------------------------------------------------------

  ALTER TABLE "SA"."SKILL" ADD CONSTRAINT "SKILL_FK1" FOREIGN KEY ("PROFILEINFOID", "COMMUNITYID", "USERID")
	  REFERENCES "SA"."PROFILE_INFO" ("PROFILEID", "COMMUNITYID", "USERID") ON DELETE CASCADE ENABLE;
--------------------------------------------------------
--  Ref Constraints for Table STORY
--------------------------------------------------------

  ALTER TABLE "SA"."STORY" ADD CONSTRAINT "STORY_FK" FOREIGN KEY ("ACTIONID")
	  REFERENCES "SA"."CREATOR_SHARE" ("ACTIONID") ON DELETE CASCADE ENABLE;
--------------------------------------------------------
--  Ref Constraints for Table TAG
--------------------------------------------------------

  ALTER TABLE "SA"."TAG" ADD CONSTRAINT "TAG_FK" FOREIGN KEY ("CREATORID")
	  REFERENCES "SA"."CREATOR" ("CREATORID") ON DELETE CASCADE ENABLE;
  ALTER TABLE "SA"."TAG" ADD CONSTRAINT "TAG_FK2" FOREIGN KEY ("ACTIONID")
	  REFERENCES "SA"."ACTION" ("ACTIONID") ON DELETE CASCADE ENABLE;
--------------------------------------------------------
--  Ref Constraints for Table UNIVERSITY
--------------------------------------------------------

  ALTER TABLE "SA"."UNIVERSITY" ADD CONSTRAINT "UNIVERSITY_FK1" FOREIGN KEY ("PROFILEINFOID", "COMMUNITYID", "USERID")
	  REFERENCES "SA"."PROFILE_INFO" ("PROFILEID", "COMMUNITYID", "USERID") ON DELETE CASCADE ENABLE;
--------------------------------------------------------
--  Ref Constraints for Table USER_BLOCK
--------------------------------------------------------

  ALTER TABLE "SA"."USER_BLOCK" ADD CONSTRAINT "USER_BLOCK_FK" FOREIGN KEY ("ACTIONID")
	  REFERENCES "SA"."ACTION" ("ACTIONID") ON DELETE CASCADE ENABLE;
--------------------------------------------------------
--  Ref Constraints for Table USER_PROFILE
--------------------------------------------------------

  ALTER TABLE "SA"."USER_PROFILE" ADD CONSTRAINT "USER_PROFILE_FK1" FOREIGN KEY ("LIVECITYCOUNTRY", "LIVECITYNAME")
	  REFERENCES "SA"."CITY" ("COUNTRYCODE", "CITYNAME") ON DELETE SET NULL ENABLE;
  ALTER TABLE "SA"."USER_PROFILE" ADD CONSTRAINT "USER_PROFILE_FK2" FOREIGN KEY ("HOMETOWNCITYCOUNTRY", "HOMETOWNCITYNAME")
	  REFERENCES "SA"."CITY" ("COUNTRYCODE", "CITYNAME") ON DELETE SET NULL ENABLE;
--------------------------------------------------------
--  Ref Constraints for Table USER_REPORT
--------------------------------------------------------

  ALTER TABLE "SA"."USER_REPORT" ADD CONSTRAINT "USER_REPORT_FK" FOREIGN KEY ("ACTIONID")
	  REFERENCES "SA"."ACTION" ("ACTIONID") ON DELETE CASCADE ENABLE;
--------------------------------------------------------
--  Ref Constraints for Table USER_SETTINGS
--------------------------------------------------------

  ALTER TABLE "SA"."USER_SETTINGS" ADD CONSTRAINT "USER_SETTINGS_FK" FOREIGN KEY ("CREATORID")
	  REFERENCES "SA"."CREATOR" ("CREATORID") ON DELETE CASCADE ENABLE;
--------------------------------------------------------
--  Ref Constraints for Table VIDEO
--------------------------------------------------------

  ALTER TABLE "SA"."VIDEO" ADD CONSTRAINT "VIDEO_FK" FOREIGN KEY ("CONTENTID", "ACTIONID")
	  REFERENCES "SA"."VISUAL_CONTENT" ("CONTENTID", "ACTIONID") ON DELETE CASCADE ENABLE;
--------------------------------------------------------
--  Ref Constraints for Table VISUAL_CONTENT
--------------------------------------------------------

  ALTER TABLE "SA"."VISUAL_CONTENT" ADD CONSTRAINT "VISUAL_CONTENT_FK" FOREIGN KEY ("ACTIONID")
	  REFERENCES "SA"."CREATOR_SHARE" ("ACTIONID") ON DELETE CASCADE ENABLE;
