--------------------------------------------------------
--  File created - Monday-December-24-2018   
--------------------------------------------------------
--------------------------------------------------------
--  DDL for Sequence EFFECTED_SEQ
--------------------------------------------------------

   CREATE SEQUENCE  "SA"."EFFECTED_SEQ"  MINVALUE 1 MAXVALUE 9999999999999999999999999999 INCREMENT BY 1 START WITH 21 CACHE 20 NOORDER  NOCYCLE  NOKEEP  NOSCALE  GLOBAL ;
--------------------------------------------------------
--  DDL for Table ACTION
--------------------------------------------------------

  CREATE TABLE "SA"."ACTION" 
   (	"ACTIONID" NUMBER(*,0), 
	"ACTIONTYPE" NVARCHAR2(30), 
	"CREATORID" NUMBER(*,0), 
	"DESTINATIONID" NUMBER(*,0), 
	"ACTIONDATE" DATE
   ) SEGMENT CREATION IMMEDIATE 
  PCTFREE 10 PCTUSED 40 INITRANS 1 MAXTRANS 255 
 NOCOMPRESS LOGGING
  STORAGE(INITIAL 65536 NEXT 1048576 MINEXTENTS 1 MAXEXTENTS 2147483645
  PCTINCREASE 0 FREELISTS 1 FREELIST GROUPS 1
  BUFFER_POOL DEFAULT FLASH_CACHE DEFAULT CELL_FLASH_CACHE DEFAULT)
  TABLESPACE "USERS" ;
--------------------------------------------------------
--  DDL for Table ACTION_SEARCH
--------------------------------------------------------

  CREATE TABLE "SA"."ACTION_SEARCH" 
   (	"ACTIONID" NUMBER(*,0), 
	"SEARCHTEXT" NVARCHAR2(200)
   ) SEGMENT CREATION IMMEDIATE 
  PCTFREE 10 PCTUSED 40 INITRANS 1 MAXTRANS 255 
 NOCOMPRESS LOGGING
  STORAGE(INITIAL 65536 NEXT 1048576 MINEXTENTS 1 MAXEXTENTS 2147483645
  PCTINCREASE 0 FREELISTS 1 FREELIST GROUPS 1
  BUFFER_POOL DEFAULT FLASH_CACHE DEFAULT CELL_FLASH_CACHE DEFAULT)
  TABLESPACE "USERS" ;
--------------------------------------------------------
--  DDL for Table ACTION_VIEW
--------------------------------------------------------

  CREATE TABLE "SA"."ACTION_VIEW" 
   (	"ACTIONID" NUMBER(*,0)
   ) SEGMENT CREATION IMMEDIATE 
  PCTFREE 10 PCTUSED 40 INITRANS 1 MAXTRANS 255 
 NOCOMPRESS LOGGING
  STORAGE(INITIAL 65536 NEXT 1048576 MINEXTENTS 1 MAXEXTENTS 2147483645
  PCTINCREASE 0 FREELISTS 1 FREELIST GROUPS 1
  BUFFER_POOL DEFAULT FLASH_CACHE DEFAULT CELL_FLASH_CACHE DEFAULT)
  TABLESPACE "USERS" ;
--------------------------------------------------------
--  DDL for Table ADS
--------------------------------------------------------

  CREATE TABLE "SA"."ADS" 
   (	"ADVERTISEMENTID" NUMBER(*,0), 
	"TEXT" NVARCHAR2(50), 
	"AGE" NVARCHAR2(10), 
	"STARTDATE" DATE, 
	"ENDDATE" DATE, 
	"PAYMENTTYPE" NVARCHAR2(10), 
	"PRICE" NUMBER(10,2), 
	"PAYORSSN" NVARCHAR2(20), 
	"CREATORID" NUMBER(*,0)
   ) SEGMENT CREATION DEFERRED 
  PCTFREE 10 PCTUSED 40 INITRANS 1 MAXTRANS 255 
 NOCOMPRESS LOGGING
  TABLESPACE "USERS" ;
--------------------------------------------------------
--  DDL for Table ARTICLE
--------------------------------------------------------

  CREATE TABLE "SA"."ARTICLE" 
   (	"ARTICLEID" NUMBER(*,0), 
	"HEADLINETEXT" NVARCHAR2(120), 
	"TEXT" NVARCHAR2(1000), 
	"COVERPHOTO" NVARCHAR2(150), 
	"PUBLISHDATE" DATE, 
	"USERID" NUMBER(*,0)
   ) SEGMENT CREATION IMMEDIATE 
  PCTFREE 10 PCTUSED 40 INITRANS 1 MAXTRANS 255 
 NOCOMPRESS LOGGING
  STORAGE(INITIAL 65536 NEXT 1048576 MINEXTENTS 1 MAXEXTENTS 2147483645
  PCTINCREASE 0 FREELISTS 1 FREELIST GROUPS 1
  BUFFER_POOL DEFAULT FLASH_CACHE DEFAULT CELL_FLASH_CACHE DEFAULT)
  TABLESPACE "USERS" ;
--------------------------------------------------------
--  DDL for Table BOOKMARK
--------------------------------------------------------

  CREATE TABLE "SA"."BOOKMARK" 
   (	"USERID" NUMBER(*,0), 
	"ADVERTISEMENTID" NUMBER(*,0), 
	"SAVEDDATE" DATE
   ) SEGMENT CREATION IMMEDIATE 
  PCTFREE 10 PCTUSED 40 INITRANS 1 MAXTRANS 255 
 NOCOMPRESS LOGGING
  STORAGE(INITIAL 65536 NEXT 1048576 MINEXTENTS 1 MAXEXTENTS 2147483645
  PCTINCREASE 0 FREELISTS 1 FREELIST GROUPS 1
  BUFFER_POOL DEFAULT FLASH_CACHE DEFAULT CELL_FLASH_CACHE DEFAULT)
  TABLESPACE "USERS" ;
--------------------------------------------------------
--  DDL for Table CITY
--------------------------------------------------------

  CREATE TABLE "SA"."CITY" 
   (	"COUNTRYCODE" NVARCHAR2(5), 
	"CITYNAME" NVARCHAR2(30)
   ) SEGMENT CREATION IMMEDIATE 
  PCTFREE 10 PCTUSED 40 INITRANS 1 MAXTRANS 255 
 NOCOMPRESS LOGGING
  STORAGE(INITIAL 65536 NEXT 1048576 MINEXTENTS 1 MAXEXTENTS 2147483645
  PCTINCREASE 0 FREELISTS 1 FREELIST GROUPS 1
  BUFFER_POOL DEFAULT FLASH_CACHE DEFAULT CELL_FLASH_CACHE DEFAULT)
  TABLESPACE "USERS" ;
--------------------------------------------------------
--  DDL for Table COMMUNITY
--------------------------------------------------------

  CREATE TABLE "SA"."COMMUNITY" 
   (	"COMMUNITYID" NUMBER(*,0), 
	"USERID" NUMBER(*,0), 
	"COMMUNITYNAME" NVARCHAR2(20), 
	"COMMUNITYDESC" NVARCHAR2(200), 
	"CREATEDDATE" DATE, 
	"COMMUNITYTYPE" NVARCHAR2(7), 
	"CREATORID" NUMBER(*,0)
   ) SEGMENT CREATION IMMEDIATE 
  PCTFREE 10 PCTUSED 40 INITRANS 1 MAXTRANS 255 
 NOCOMPRESS LOGGING
  STORAGE(INITIAL 65536 NEXT 1048576 MINEXTENTS 1 MAXEXTENTS 2147483645
  PCTINCREASE 0 FREELISTS 1 FREELIST GROUPS 1
  BUFFER_POOL DEFAULT FLASH_CACHE DEFAULT CELL_FLASH_CACHE DEFAULT)
  TABLESPACE "USERS" ;
--------------------------------------------------------
--  DDL for Table COMMUNITY_CATEGORY
--------------------------------------------------------

  CREATE TABLE "SA"."COMMUNITY_CATEGORY" 
   (	"CATEGORYNAME" NVARCHAR2(50), 
	"CATEGORYDESCRIPTION" NVARCHAR2(100)
   ) SEGMENT CREATION DEFERRED 
  PCTFREE 10 PCTUSED 40 INITRANS 1 MAXTRANS 255 
 NOCOMPRESS LOGGING
  TABLESPACE "USERS" ;
--------------------------------------------------------
--  DDL for Table COMMUNITY_HAS_CATEGORY
--------------------------------------------------------

  CREATE TABLE "SA"."COMMUNITY_HAS_CATEGORY" 
   (	"COMMUNITYID" NUMBER(*,0), 
	"USERID" NUMBER(*,0), 
	"CATEGORYNAME" NVARCHAR2(50)
   ) SEGMENT CREATION DEFERRED 
  PCTFREE 10 PCTUSED 40 INITRANS 1 MAXTRANS 255 
 NOCOMPRESS LOGGING
  TABLESPACE "USERS" ;
--------------------------------------------------------
--  DDL for Table COMMUNITY_ROLE
--------------------------------------------------------

  CREATE TABLE "SA"."COMMUNITY_ROLE" 
   (	"USERID" NUMBER(*,0), 
	"COMMUNITYID" NUMBER(*,0), 
	"ROLETYPE" NVARCHAR2(20), 
	"OWNERID" NUMBER(*,0)
   ) SEGMENT CREATION DEFERRED 
  PCTFREE 10 PCTUSED 40 INITRANS 1 MAXTRANS 255 
 NOCOMPRESS LOGGING
  TABLESPACE "USERS" ;
--------------------------------------------------------
--  DDL for Table COMPANY
--------------------------------------------------------

  CREATE TABLE "SA"."COMPANY" 
   (	"COMMUNITYID" NUMBER(*,0), 
	"USERID" NUMBER(*,0), 
	"COMPANYSIZE" NVARCHAR2(7)
   ) SEGMENT CREATION IMMEDIATE 
  PCTFREE 10 PCTUSED 40 INITRANS 1 MAXTRANS 255 
 NOCOMPRESS LOGGING
  STORAGE(INITIAL 65536 NEXT 1048576 MINEXTENTS 1 MAXEXTENTS 2147483645
  PCTINCREASE 0 FREELISTS 1 FREELIST GROUPS 1
  BUFFER_POOL DEFAULT FLASH_CACHE DEFAULT CELL_FLASH_CACHE DEFAULT)
  TABLESPACE "USERS" ;
--------------------------------------------------------
--  DDL for Table COMPANY_PROFILE
--------------------------------------------------------

  CREATE TABLE "SA"."COMPANY_PROFILE" 
   (	"PROFILEID" NUMBER(*,0), 
	"WEBSITE" NVARCHAR2(30), 
	"EMAIL" NVARCHAR2(20), 
	"HEADQUARTER" NVARCHAR2(20)
   ) SEGMENT CREATION DEFERRED 
  PCTFREE 10 PCTUSED 40 INITRANS 1 MAXTRANS 255 
 NOCOMPRESS LOGGING
  TABLESPACE "USERS" ;
--------------------------------------------------------
--  DDL for Table COMPANY_SETTINGS
--------------------------------------------------------

  CREATE TABLE "SA"."COMPANY_SETTINGS" 
   (	"COMPANYSETTINGSID" NUMBER(*,0), 
	"CREATORID" NUMBER(*,0)
   ) SEGMENT CREATION DEFERRED 
  PCTFREE 10 PCTUSED 40 INITRANS 1 MAXTRANS 255 
 NOCOMPRESS LOGGING
  TABLESPACE "USERS" ;
--------------------------------------------------------
--  DDL for Table CONNECTION
--------------------------------------------------------

  CREATE TABLE "SA"."CONNECTION" 
   (	"ACTIONID" NUMBER(*,0), 
	"STATUS" NVARCHAR2(20)
   ) SEGMENT CREATION DEFERRED 
  PCTFREE 10 PCTUSED 40 INITRANS 1 MAXTRANS 255 
 NOCOMPRESS LOGGING
  TABLESPACE "USERS" ;
--------------------------------------------------------
--  DDL for Table COUNTRY
--------------------------------------------------------

  CREATE TABLE "SA"."COUNTRY" 
   (	"CODE" NVARCHAR2(5), 
	"COUNTRYNAME" NVARCHAR2(50)
   ) SEGMENT CREATION IMMEDIATE 
  PCTFREE 10 PCTUSED 40 INITRANS 1 MAXTRANS 255 
 NOCOMPRESS LOGGING
  STORAGE(INITIAL 65536 NEXT 1048576 MINEXTENTS 1 MAXEXTENTS 2147483645
  PCTINCREASE 0 FREELISTS 1 FREELIST GROUPS 1
  BUFFER_POOL DEFAULT FLASH_CACHE DEFAULT CELL_FLASH_CACHE DEFAULT)
  TABLESPACE "USERS" ;
--------------------------------------------------------
--  DDL for Table CREATOR
--------------------------------------------------------

  CREATE TABLE "SA"."CREATOR" 
   (	"CREATORID" NUMBER(*,0), 
	"EFFECTEDID" NUMBER(*,0)
   ) SEGMENT CREATION IMMEDIATE 
  PCTFREE 10 PCTUSED 40 INITRANS 1 MAXTRANS 255 
 NOCOMPRESS LOGGING
  STORAGE(INITIAL 65536 NEXT 1048576 MINEXTENTS 1 MAXEXTENTS 2147483645
  PCTINCREASE 0 FREELISTS 1 FREELIST GROUPS 1
  BUFFER_POOL DEFAULT FLASH_CACHE DEFAULT CELL_FLASH_CACHE DEFAULT)
  TABLESPACE "USERS" ;
--------------------------------------------------------
--  DDL for Table CREATOR_COMMENT
--------------------------------------------------------

  CREATE TABLE "SA"."CREATOR_COMMENT" 
   (	"ACTIONID" NUMBER(*,0), 
	"COMMENTCONTENT" NVARCHAR2(200), 
	"EFFECTEDID" NUMBER(*,0)
   ) SEGMENT CREATION DEFERRED 
  PCTFREE 10 PCTUSED 40 INITRANS 1 MAXTRANS 255 
 NOCOMPRESS LOGGING
  TABLESPACE "USERS" ;
--------------------------------------------------------
--  DDL for Table CREATOR_LIKE
--------------------------------------------------------

  CREATE TABLE "SA"."CREATOR_LIKE" 
   (	"ACTIONID" NUMBER(*,0)
   ) SEGMENT CREATION DEFERRED 
  PCTFREE 10 PCTUSED 40 INITRANS 1 MAXTRANS 255 
 NOCOMPRESS LOGGING
  TABLESPACE "USERS" ;
--------------------------------------------------------
--  DDL for Table CREATOR_NOTIFICATION
--------------------------------------------------------

  CREATE TABLE "SA"."CREATOR_NOTIFICATION" 
   (	"CREATORID" NUMBER(*,0), 
	"ACTIONID" NUMBER(*,0), 
	"NOTIFICATIONCONTENT" NVARCHAR2(50), 
	"NOTIFICIATIONDATE" DATE
   ) SEGMENT CREATION IMMEDIATE 
  PCTFREE 10 PCTUSED 40 INITRANS 1 MAXTRANS 255 
 NOCOMPRESS LOGGING
  STORAGE(INITIAL 65536 NEXT 1048576 MINEXTENTS 1 MAXEXTENTS 2147483645
  PCTINCREASE 0 FREELISTS 1 FREELIST GROUPS 1
  BUFFER_POOL DEFAULT FLASH_CACHE DEFAULT CELL_FLASH_CACHE DEFAULT)
  TABLESPACE "USERS" ;
--------------------------------------------------------
--  DDL for Table CREATOR_PROFILE
--------------------------------------------------------

  CREATE TABLE "SA"."CREATOR_PROFILE" 
   (	"PROFILEID" NUMBER(*,0), 
	"PROFILPHOTO" NVARCHAR2(150), 
	"COVERPHOTO" NVARCHAR2(150), 
	"PROFILETYPE" NVARCHAR2(20), 
	"CREATORID" NUMBER(*,0), 
	"COUNTRYCODE" NVARCHAR2(3), 
	"CITYNAME" NVARCHAR2(30)
   ) SEGMENT CREATION IMMEDIATE 
  PCTFREE 10 PCTUSED 40 INITRANS 1 MAXTRANS 255 
 NOCOMPRESS LOGGING
  STORAGE(INITIAL 65536 NEXT 1048576 MINEXTENTS 1 MAXEXTENTS 2147483645
  PCTINCREASE 0 FREELISTS 1 FREELIST GROUPS 1
  BUFFER_POOL DEFAULT FLASH_CACHE DEFAULT CELL_FLASH_CACHE DEFAULT)
  TABLESPACE "USERS" ;
--------------------------------------------------------
--  DDL for Table EFFECTED
--------------------------------------------------------

  CREATE TABLE "SA"."EFFECTED" 
   (	"EFFECTEDID" NUMBER(*,0)
   ) SEGMENT CREATION IMMEDIATE 
  PCTFREE 10 PCTUSED 40 INITRANS 1 MAXTRANS 255 
 NOCOMPRESS LOGGING
  STORAGE(INITIAL 65536 NEXT 1048576 MINEXTENTS 1 MAXEXTENTS 2147483645
  PCTINCREASE 0 FREELISTS 1 FREELIST GROUPS 1
  BUFFER_POOL DEFAULT FLASH_CACHE DEFAULT CELL_FLASH_CACHE DEFAULT)
  TABLESPACE "USERS" ;
--------------------------------------------------------
--  DDL for Table ENDORSE
--------------------------------------------------------

  CREATE TABLE "SA"."ENDORSE" 
   (	"SKILLPROFILEID" NUMBER(*,0), 
	"SKILLINFOID" NUMBER(*,0), 
	"USERID" NUMBER(*,0), 
	"RATING" NVARCHAR2(20)
   ) SEGMENT CREATION IMMEDIATE 
  PCTFREE 10 PCTUSED 40 INITRANS 1 MAXTRANS 255 
 NOCOMPRESS LOGGING
  STORAGE(INITIAL 65536 NEXT 1048576 MINEXTENTS 1 MAXEXTENTS 2147483645
  PCTINCREASE 0 FREELISTS 1 FREELIST GROUPS 1
  BUFFER_POOL DEFAULT FLASH_CACHE DEFAULT CELL_FLASH_CACHE DEFAULT)
  TABLESPACE "USERS" ;
--------------------------------------------------------
--  DDL for Table EXPERIENCE
--------------------------------------------------------

  CREATE TABLE "SA"."EXPERIENCE" 
   (	"PROFILEINFOID" NUMBER(*,0), 
	"PROFILEID" NUMBER(*,0), 
	"JOBPOSITION" NVARCHAR2(50), 
	"TEXT" NVARCHAR2(250), 
	"STARTDATE" DATE, 
	"ENDDATE" DATE
   ) SEGMENT CREATION IMMEDIATE 
  PCTFREE 10 PCTUSED 40 INITRANS 1 MAXTRANS 255 
 NOCOMPRESS LOGGING
  STORAGE(INITIAL 65536 NEXT 1048576 MINEXTENTS 1 MAXEXTENTS 2147483645
  PCTINCREASE 0 FREELISTS 1 FREELIST GROUPS 1
  BUFFER_POOL DEFAULT FLASH_CACHE DEFAULT CELL_FLASH_CACHE DEFAULT)
  TABLESPACE "USERS" ;
--------------------------------------------------------
--  DDL for Table FOLLOW
--------------------------------------------------------

  CREATE TABLE "SA"."FOLLOW" 
   (	"ACTIONID" NUMBER(*,0)
   ) SEGMENT CREATION DEFERRED 
  PCTFREE 10 PCTUSED 40 INITRANS 1 MAXTRANS 255 
 NOCOMPRESS LOGGING
  TABLESPACE "USERS" ;
--------------------------------------------------------
--  DDL for Table GROUP_JOIN
--------------------------------------------------------

  CREATE TABLE "SA"."GROUP_JOIN" 
   (	"ACTIONID" NUMBER(*,0)
   ) SEGMENT CREATION DEFERRED 
  PCTFREE 10 PCTUSED 40 INITRANS 1 MAXTRANS 255 
 NOCOMPRESS LOGGING
  TABLESPACE "USERS" ;
--------------------------------------------------------
--  DDL for Table GROUP_PROFILE
--------------------------------------------------------

  CREATE TABLE "SA"."GROUP_PROFILE" 
   (	"PROFILEID" NUMBER(*,0), 
	"GROUPRULES" NVARCHAR2(20)
   ) SEGMENT CREATION DEFERRED 
  PCTFREE 10 PCTUSED 40 INITRANS 1 MAXTRANS 255 
 NOCOMPRESS LOGGING
  TABLESPACE "USERS" ;
--------------------------------------------------------
--  DDL for Table GROUP_SETTINGS
--------------------------------------------------------

  CREATE TABLE "SA"."GROUP_SETTINGS" 
   (	"GROUPSETTINGSID" NUMBER(*,0), 
	"VISIBILITY" NVARCHAR2(20), 
	"CREATORID" NUMBER(*,0)
   ) SEGMENT CREATION DEFERRED 
  PCTFREE 10 PCTUSED 40 INITRANS 1 MAXTRANS 255 
 NOCOMPRESS LOGGING
  TABLESPACE "USERS" ;
--------------------------------------------------------
--  DDL for Table HASHTAG
--------------------------------------------------------

  CREATE TABLE "SA"."HASHTAG" 
   (	"HASHTAGNAME" NVARCHAR2(30)
   ) SEGMENT CREATION IMMEDIATE 
  PCTFREE 10 PCTUSED 40 INITRANS 1 MAXTRANS 255 
 NOCOMPRESS LOGGING
  STORAGE(INITIAL 65536 NEXT 1048576 MINEXTENTS 1 MAXEXTENTS 2147483645
  PCTINCREASE 0 FREELISTS 1 FREELIST GROUPS 1
  BUFFER_POOL DEFAULT FLASH_CACHE DEFAULT CELL_FLASH_CACHE DEFAULT)
  TABLESPACE "USERS" ;
--------------------------------------------------------
--  DDL for Table JOB_ANNOUNCEMENT
--------------------------------------------------------

  CREATE TABLE "SA"."JOB_ANNOUNCEMENT" 
   (	"ADVERTISEMENTID" NUMBER(*,0), 
	"JOBHEADER" NVARCHAR2(65), 
	"TEXT" NVARCHAR2(50), 
	"SALARY" NUMBER(*,0), 
	"ANNOUNCEMENTDATE" DATE, 
	"DEADLINE" DATE, 
	"WORKTYPE" NVARCHAR2(10), 
	"CREATORID" NUMBER(*,0)
   ) SEGMENT CREATION IMMEDIATE 
  PCTFREE 10 PCTUSED 40 INITRANS 1 MAXTRANS 255 
 NOCOMPRESS LOGGING
  STORAGE(INITIAL 65536 NEXT 1048576 MINEXTENTS 1 MAXEXTENTS 2147483645
  PCTINCREASE 0 FREELISTS 1 FREELIST GROUPS 1
  BUFFER_POOL DEFAULT FLASH_CACHE DEFAULT CELL_FLASH_CACHE DEFAULT)
  TABLESPACE "USERS" ;
--------------------------------------------------------
--  DDL for Table JOB_APPLY
--------------------------------------------------------

  CREATE TABLE "SA"."JOB_APPLY" 
   (	"ADVERTISEMENTID" NUMBER(*,0), 
	"USERID" NUMBER(*,0), 
	"RESUMEURL" NVARCHAR2(150)
   ) SEGMENT CREATION IMMEDIATE 
  PCTFREE 10 PCTUSED 40 INITRANS 1 MAXTRANS 255 
 NOCOMPRESS LOGGING
  STORAGE(INITIAL 65536 NEXT 1048576 MINEXTENTS 1 MAXEXTENTS 2147483645
  PCTINCREASE 0 FREELISTS 1 FREELIST GROUPS 1
  BUFFER_POOL DEFAULT FLASH_CACHE DEFAULT CELL_FLASH_CACHE DEFAULT)
  TABLESPACE "USERS" ;
--------------------------------------------------------
--  DDL for Table LINKEDIN_GROUP
--------------------------------------------------------

  CREATE TABLE "SA"."LINKEDIN_GROUP" 
   (	"COMMUNITYID" NUMBER(*,0), 
	"USERID" NUMBER(*,0)
   ) SEGMENT CREATION DEFERRED 
  PCTFREE 10 PCTUSED 40 INITRANS 1 MAXTRANS 255 
 NOCOMPRESS LOGGING
  TABLESPACE "USERS" ;
--------------------------------------------------------
--  DDL for Table LINKEDIN_USER
--------------------------------------------------------

  CREATE TABLE "SA"."LINKEDIN_USER" 
   (	"USERID" NUMBER(*,0), 
	"FNAME" NVARCHAR2(50), 
	"MNAME" NVARCHAR2(50), 
	"LNAME" NVARCHAR2(50), 
	"BIRTHDAY" DATE, 
	"PHONE" NVARCHAR2(13), 
	"EMAIL" NVARCHAR2(50), 
	"USERPASSWORD" NVARCHAR2(20), 
	"ACCOUNTTYPE" NVARCHAR2(20), 
	"CREATORID" NUMBER(*,0)
   ) SEGMENT CREATION IMMEDIATE 
  PCTFREE 10 PCTUSED 40 INITRANS 1 MAXTRANS 255 
 NOCOMPRESS LOGGING
  STORAGE(INITIAL 65536 NEXT 1048576 MINEXTENTS 1 MAXEXTENTS 2147483645
  PCTINCREASE 0 FREELISTS 1 FREELIST GROUPS 1
  BUFFER_POOL DEFAULT FLASH_CACHE DEFAULT CELL_FLASH_CACHE DEFAULT)
  TABLESPACE "USERS" ;
--------------------------------------------------------
--  DDL for Table MEDIA
--------------------------------------------------------

  CREATE TABLE "SA"."MEDIA" 
   (	"POSTACTIONID" NUMBER(*,0), 
	"MEDIAURL" NVARCHAR2(150), 
	"DOCUMENTFLAG" NUMBER(*,0), 
	"VIDEOFLAG" NUMBER(*,0), 
	"PHOTOFLAG" NUMBER(*,0)
   ) SEGMENT CREATION IMMEDIATE 
  PCTFREE 10 PCTUSED 40 INITRANS 1 MAXTRANS 255 
 NOCOMPRESS LOGGING
  STORAGE(INITIAL 65536 NEXT 1048576 MINEXTENTS 1 MAXEXTENTS 2147483645
  PCTINCREASE 0 FREELISTS 1 FREELIST GROUPS 1
  BUFFER_POOL DEFAULT FLASH_CACHE DEFAULT CELL_FLASH_CACHE DEFAULT)
  TABLESPACE "USERS" ;
--------------------------------------------------------
--  DDL for Table MESSAGE
--------------------------------------------------------

  CREATE TABLE "SA"."MESSAGE" 
   (	"ACTIONID" NUMBER(*,0), 
	"TEXT" NVARCHAR2(200)
   ) SEGMENT CREATION DEFERRED 
  PCTFREE 10 PCTUSED 40 INITRANS 1 MAXTRANS 255 
 NOCOMPRESS LOGGING
  TABLESPACE "USERS" ;
--------------------------------------------------------
--  DDL for Table POST
--------------------------------------------------------

  CREATE TABLE "SA"."POST" 
   (	"ACTIONID" NUMBER(*,0), 
	"TEXT" NVARCHAR2(300), 
	"PRIVACY" NVARCHAR2(20), 
	"EFFECTEDID" NUMBER(*,0), 
	"PARENTID" NUMBER(*,0)
   ) SEGMENT CREATION IMMEDIATE 
  PCTFREE 10 PCTUSED 40 INITRANS 1 MAXTRANS 255 
 NOCOMPRESS LOGGING
  STORAGE(INITIAL 65536 NEXT 1048576 MINEXTENTS 1 MAXEXTENTS 2147483645
  PCTINCREASE 0 FREELISTS 1 FREELIST GROUPS 1
  BUFFER_POOL DEFAULT FLASH_CACHE DEFAULT CELL_FLASH_CACHE DEFAULT)
  TABLESPACE "USERS" ;
--------------------------------------------------------
--  DDL for Table POST_CONTAINS_HASHTAG
--------------------------------------------------------

  CREATE TABLE "SA"."POST_CONTAINS_HASHTAG" 
   (	"ACTIONID" NUMBER(*,0), 
	"HASHTAGNAME" NVARCHAR2(50)
   ) SEGMENT CREATION IMMEDIATE 
  PCTFREE 10 PCTUSED 40 INITRANS 1 MAXTRANS 255 
 NOCOMPRESS LOGGING
  STORAGE(INITIAL 65536 NEXT 1048576 MINEXTENTS 1 MAXEXTENTS 2147483645
  PCTINCREASE 0 FREELISTS 1 FREELIST GROUPS 1
  BUFFER_POOL DEFAULT FLASH_CACHE DEFAULT CELL_FLASH_CACHE DEFAULT)
  TABLESPACE "USERS" ;
--------------------------------------------------------
--  DDL for Table PROFILE_INFO
--------------------------------------------------------

  CREATE TABLE "SA"."PROFILE_INFO" 
   (	"PROFILEINFOID" NUMBER(*,0), 
	"PROFILEID" NUMBER(*,0), 
	"INFONAME" NVARCHAR2(70), 
	"PROFILEINFOTYPE" NVARCHAR2(15)
   ) SEGMENT CREATION IMMEDIATE 
  PCTFREE 10 PCTUSED 40 INITRANS 1 MAXTRANS 255 
 NOCOMPRESS LOGGING
  STORAGE(INITIAL 65536 NEXT 1048576 MINEXTENTS 1 MAXEXTENTS 2147483645
  PCTINCREASE 0 FREELISTS 1 FREELIST GROUPS 1
  BUFFER_POOL DEFAULT FLASH_CACHE DEFAULT CELL_FLASH_CACHE DEFAULT)
  TABLESPACE "USERS" ;
--------------------------------------------------------
--  DDL for Table PROFILE_INFO_LANGUAGE
--------------------------------------------------------

  CREATE TABLE "SA"."PROFILE_INFO_LANGUAGE" 
   (	"PROFILEINFOID" NUMBER(*,0), 
	"PROFILEID" NUMBER(*,0), 
	"LANGUAGELEVEL" NVARCHAR2(2)
   ) SEGMENT CREATION DEFERRED 
  PCTFREE 10 PCTUSED 40 INITRANS 1 MAXTRANS 255 
 NOCOMPRESS LOGGING
  TABLESPACE "USERS" ;
--------------------------------------------------------
--  DDL for Table RECOMMENDATION
--------------------------------------------------------

  CREATE TABLE "SA"."RECOMMENDATION" 
   (	"FROMUSERID" NUMBER(*,0), 
	"TOUSERID" NUMBER(*,0), 
	"TEXT" NVARCHAR2(300), 
	"RECOMENDATIONDATE" DATE
   ) SEGMENT CREATION IMMEDIATE 
  PCTFREE 10 PCTUSED 40 INITRANS 1 MAXTRANS 255 
 NOCOMPRESS LOGGING
  STORAGE(INITIAL 65536 NEXT 1048576 MINEXTENTS 1 MAXEXTENTS 2147483645
  PCTINCREASE 0 FREELISTS 1 FREELIST GROUPS 1
  BUFFER_POOL DEFAULT FLASH_CACHE DEFAULT CELL_FLASH_CACHE DEFAULT)
  TABLESPACE "USERS" ;
--------------------------------------------------------
--  DDL for Table SCHOOL
--------------------------------------------------------

  CREATE TABLE "SA"."SCHOOL" 
   (	"PROFILEINFOID" NUMBER(*,0), 
	"PROFILEID" NUMBER(*,0), 
	"DEPARTMENT" NVARCHAR2(50), 
	"GPA" NUMBER(*,0), 
	"STARTDATE" DATE, 
	"GRADUATEDATE" DATE
   ) SEGMENT CREATION IMMEDIATE 
  PCTFREE 10 PCTUSED 40 INITRANS 1 MAXTRANS 255 
 NOCOMPRESS LOGGING
  STORAGE(INITIAL 65536 NEXT 1048576 MINEXTENTS 1 MAXEXTENTS 2147483645
  PCTINCREASE 0 FREELISTS 1 FREELIST GROUPS 1
  BUFFER_POOL DEFAULT FLASH_CACHE DEFAULT CELL_FLASH_CACHE DEFAULT)
  TABLESPACE "USERS" ;
--------------------------------------------------------
--  DDL for Table SKILL
--------------------------------------------------------

  CREATE TABLE "SA"."SKILL" 
   (	"PROFILEINFOID" NUMBER(*,0), 
	"PROFILEID" NUMBER(*,0)
   ) SEGMENT CREATION IMMEDIATE 
  PCTFREE 10 PCTUSED 40 INITRANS 1 MAXTRANS 255 
 NOCOMPRESS LOGGING
  STORAGE(INITIAL 65536 NEXT 1048576 MINEXTENTS 1 MAXEXTENTS 2147483645
  PCTINCREASE 0 FREELISTS 1 FREELIST GROUPS 1
  BUFFER_POOL DEFAULT FLASH_CACHE DEFAULT CELL_FLASH_CACHE DEFAULT)
  TABLESPACE "USERS" ;
--------------------------------------------------------
--  DDL for Table USER_PROFILE
--------------------------------------------------------

  CREATE TABLE "SA"."USER_PROFILE" 
   (	"PROFILEID" NUMBER(*,0)
   ) SEGMENT CREATION IMMEDIATE 
  PCTFREE 10 PCTUSED 40 INITRANS 1 MAXTRANS 255 
 NOCOMPRESS LOGGING
  STORAGE(INITIAL 65536 NEXT 1048576 MINEXTENTS 1 MAXEXTENTS 2147483645
  PCTINCREASE 0 FREELISTS 1 FREELIST GROUPS 1
  BUFFER_POOL DEFAULT FLASH_CACHE DEFAULT CELL_FLASH_CACHE DEFAULT)
  TABLESPACE "USERS" ;
--------------------------------------------------------
--  DDL for Table USER_REPORT
--------------------------------------------------------

  CREATE TABLE "SA"."USER_REPORT" 
   (	"ACTIONID" NUMBER(*,0), 
	"REASON" NVARCHAR2(50), 
	"REPORTCONTENT" NVARCHAR2(200)
   ) SEGMENT CREATION DEFERRED 
  PCTFREE 10 PCTUSED 40 INITRANS 1 MAXTRANS 255 
 NOCOMPRESS LOGGING
  TABLESPACE "USERS" ;
--------------------------------------------------------
--  DDL for Table USER_SETTINGS
--------------------------------------------------------

  CREATE TABLE "SA"."USER_SETTINGS" 
   (	"USERSETTINGSID" NUMBER(*,0), 
	"USERLANGUAGE" NVARCHAR2(20), 
	"TWOFACTORAUTHENTICATION" NUMBER(1,0), 
	"CONNECTIONPRIVACY" NVARCHAR2(20), 
	"PROFILEVISIBILITY" NVARCHAR2(20), 
	"CREATORID" NUMBER(*,0)
   ) SEGMENT CREATION DEFERRED 
  PCTFREE 10 PCTUSED 40 INITRANS 1 MAXTRANS 255 
 NOCOMPRESS LOGGING
  TABLESPACE "USERS" ;
REM INSERTING into SA.ACTION
SET DEFINE OFF;
REM INSERTING into SA.ACTION_SEARCH
SET DEFINE OFF;
REM INSERTING into SA.ACTION_VIEW
SET DEFINE OFF;
REM INSERTING into SA.ADS
SET DEFINE OFF;
REM INSERTING into SA.ARTICLE
SET DEFINE OFF;
Insert into SA.ARTICLE (ARTICLEID,HEADLINETEXT,TEXT,COVERPHOTO,PUBLISHDATE,USERID) values (1,'SCADA BILEN BERI GELSIN','geçen yine cloudda akiyoruz scalabilty tavan tabi','article/images/alperinhizlizamanlari.jpg',to_date('18-DEC-21','DD-MON-RR'),3);
REM INSERTING into SA.BOOKMARK
SET DEFINE OFF;
Insert into SA.BOOKMARK (USERID,ADVERTISEMENTID,SAVEDDATE) values (2,2,to_date('18-DEC-21','DD-MON-RR'));
REM INSERTING into SA.CITY
SET DEFINE OFF;
Insert into SA.CITY (COUNTRYCODE,CITYNAME) values ('DOM','Santo Domingo');
Insert into SA.CITY (COUNTRYCODE,CITYNAME) values ('TUR','Kocaeli');
Insert into SA.CITY (COUNTRYCODE,CITYNAME) values ('TUR','U?ak');
Insert into SA.CITY (COUNTRYCODE,CITYNAME) values ('TUR','?stanbul');
Insert into SA.CITY (COUNTRYCODE,CITYNAME) values ('TUR','?zmir');
Insert into SA.CITY (COUNTRYCODE,CITYNAME) values ('USA','Texas');
REM INSERTING into SA.COMMUNITY
SET DEFINE OFF;
Insert into SA.COMMUNITY (COMMUNITYID,USERID,COMMUNITYNAME,COMMUNITYDESC,CREATEDDATE,COMMUNITYTYPE,CREATORID) values (1,1,'LOGO YAZILIM','ERP YAZILIMI',to_date('18-DEC-21','DD-MON-RR'),'COMPANY',8);
Insert into SA.COMMUNITY (COMMUNITYID,USERID,COMMUNITYNAME,COMMUNITYDESC,CREATEDDATE,COMMUNITYTYPE,CREATORID) values (2,3,'LINOVI','SCALABILITY BIZDEN SORULUR',to_date('18-DEC-21','DD-MON-RR'),'COMPANY',9);
REM INSERTING into SA.COMMUNITY_CATEGORY
SET DEFINE OFF;
REM INSERTING into SA.COMMUNITY_HAS_CATEGORY
SET DEFINE OFF;
REM INSERTING into SA.COMMUNITY_ROLE
SET DEFINE OFF;
REM INSERTING into SA.COMPANY
SET DEFINE OFF;
Insert into SA.COMPANY (COMMUNITYID,USERID,COMPANYSIZE) values (1,1,null);
Insert into SA.COMPANY (COMMUNITYID,USERID,COMPANYSIZE) values (2,3,null);
REM INSERTING into SA.COMPANY_PROFILE
SET DEFINE OFF;
REM INSERTING into SA.COMPANY_SETTINGS
SET DEFINE OFF;
REM INSERTING into SA.CONNECTION
SET DEFINE OFF;
REM INSERTING into SA.COUNTRY
SET DEFINE OFF;
Insert into SA.COUNTRY (CODE,COUNTRYNAME) values ('TUR','Turkey');
Insert into SA.COUNTRY (CODE,COUNTRYNAME) values ('BEL','Belgium');
Insert into SA.COUNTRY (CODE,COUNTRYNAME) values ('DOM','Dominican Republic');
Insert into SA.COUNTRY (CODE,COUNTRYNAME) values ('EST','Estonia');
Insert into SA.COUNTRY (CODE,COUNTRYNAME) values ('USA','United States');
REM INSERTING into SA.CREATOR
SET DEFINE OFF;
Insert into SA.CREATOR (CREATORID,EFFECTEDID) values (1,3);
Insert into SA.CREATOR (CREATORID,EFFECTEDID) values (2,4);
Insert into SA.CREATOR (CREATORID,EFFECTEDID) values (3,5);
Insert into SA.CREATOR (CREATORID,EFFECTEDID) values (4,6);
Insert into SA.CREATOR (CREATORID,EFFECTEDID) values (5,7);
Insert into SA.CREATOR (CREATORID,EFFECTEDID) values (6,8);
Insert into SA.CREATOR (CREATORID,EFFECTEDID) values (7,9);
Insert into SA.CREATOR (CREATORID,EFFECTEDID) values (8,10);
Insert into SA.CREATOR (CREATORID,EFFECTEDID) values (9,11);
REM INSERTING into SA.CREATOR_COMMENT
SET DEFINE OFF;
REM INSERTING into SA.CREATOR_LIKE
SET DEFINE OFF;
REM INSERTING into SA.CREATOR_NOTIFICATION
SET DEFINE OFF;
REM INSERTING into SA.CREATOR_PROFILE
SET DEFINE OFF;
Insert into SA.CREATOR_PROFILE (PROFILEID,PROFILPHOTO,COVERPHOTO,PROFILETYPE,CREATORID,COUNTRYCODE,CITYNAME) values (1,'users/image/osman.jpg',null,'USER',1,'TUR','?zmir');
Insert into SA.CREATOR_PROFILE (PROFILEID,PROFILPHOTO,COVERPHOTO,PROFILETYPE,CREATORID,COUNTRYCODE,CITYNAME) values (2,'users/image/elmasri_with_eer.jpg',null,'USER',2,'USA','Texas');
Insert into SA.CREATOR_PROFILE (PROFILEID,PROFILPHOTO,COVERPHOTO,PROFILETYPE,CREATORID,COUNTRYCODE,CITYNAME) values (3,'users/image/erco.jpg',null,'USER',4,'TUR','?zmir');
Insert into SA.CREATOR_PROFILE (PROFILEID,PROFILPHOTO,COVERPHOTO,PROFILETYPE,CREATORID,COUNTRYCODE,CITYNAME) values (4,'users/image/z.jpg',null,'USER',5,'TUR','?zmir');
Insert into SA.CREATOR_PROFILE (PROFILEID,PROFILPHOTO,COVERPHOTO,PROFILETYPE,CREATORID,COUNTRYCODE,CITYNAME) values (5,'users/image/batu.jpg',null,'USER',6,'TUR','?zmir');
REM INSERTING into SA.EFFECTED
SET DEFINE OFF;
Insert into SA.EFFECTED (EFFECTEDID) values (3);
Insert into SA.EFFECTED (EFFECTEDID) values (4);
Insert into SA.EFFECTED (EFFECTEDID) values (5);
Insert into SA.EFFECTED (EFFECTEDID) values (6);
Insert into SA.EFFECTED (EFFECTEDID) values (7);
Insert into SA.EFFECTED (EFFECTEDID) values (8);
Insert into SA.EFFECTED (EFFECTEDID) values (9);
Insert into SA.EFFECTED (EFFECTEDID) values (10);
Insert into SA.EFFECTED (EFFECTEDID) values (11);
REM INSERTING into SA.ENDORSE
SET DEFINE OFF;
Insert into SA.ENDORSE (SKILLPROFILEID,SKILLINFOID,USERID,RATING) values (1,2,3,'VERY GOOD');
Insert into SA.ENDORSE (SKILLPROFILEID,SKILLINFOID,USERID,RATING) values (1,1,2,'EXCELLENT');
Insert into SA.ENDORSE (SKILLPROFILEID,SKILLINFOID,USERID,RATING) values (1,1,3,'GOOD');
Insert into SA.ENDORSE (SKILLPROFILEID,SKILLINFOID,USERID,RATING) values (1,1,4,'VERY GOOD');
Insert into SA.ENDORSE (SKILLPROFILEID,SKILLINFOID,USERID,RATING) values (1,1,5,'EXCELLENT');
Insert into SA.ENDORSE (SKILLPROFILEID,SKILLINFOID,USERID,RATING) values (1,1,6,'EXCELLENT');
Insert into SA.ENDORSE (SKILLPROFILEID,SKILLINFOID,USERID,RATING) values (1,3,4,'EXCELLENT');
Insert into SA.ENDORSE (SKILLPROFILEID,SKILLINFOID,USERID,RATING) values (1,3,5,'EXCELLENT');
Insert into SA.ENDORSE (SKILLPROFILEID,SKILLINFOID,USERID,RATING) values (1,3,6,'VERY GOOD');
Insert into SA.ENDORSE (SKILLPROFILEID,SKILLINFOID,USERID,RATING) values (1,3,7,'EXCELLENT');
REM INSERTING into SA.EXPERIENCE
SET DEFINE OFF;
Insert into SA.EXPERIENCE (PROFILEINFOID,PROFILEID,JOBPOSITION,TEXT,STARTDATE,ENDDATE) values (6,1,'Ögretim Üyesi','IYI ISLER YAPTIK',to_date('01-JAN-00','DD-MON-RR'),null);
Insert into SA.EXPERIENCE (PROFILEINFOID,PROFILEID,JOBPOSITION,TEXT,STARTDATE,ENDDATE) values (7,5,'.Net MVC Developer','IYI ISLER YAPTIK',to_date('01-JAN-15','DD-MON-RR'),to_date('05-JUL-16','DD-MON-RR'));
Insert into SA.EXPERIENCE (PROFILEINFOID,PROFILEID,JOBPOSITION,TEXT,STARTDATE,ENDDATE) values (8,5,'Front End Developer','IYI ISLER YAPTIK',to_date('01-JAN-14','DD-MON-RR'),to_date('05-JUL-15','DD-MON-RR'));
REM INSERTING into SA.FOLLOW
SET DEFINE OFF;
REM INSERTING into SA.GROUP_JOIN
SET DEFINE OFF;
REM INSERTING into SA.GROUP_PROFILE
SET DEFINE OFF;
REM INSERTING into SA.GROUP_SETTINGS
SET DEFINE OFF;
REM INSERTING into SA.HASHTAG
SET DEFINE OFF;
Insert into SA.HASHTAG (HASHTAGNAME) values ('#ERP');
Insert into SA.HASHTAG (HASHTAGNAME) values ('#INTERSHIP PROGRAM');
Insert into SA.HASHTAG (HASHTAGNAME) values ('#LOGO');
REM INSERTING into SA.JOB_ANNOUNCEMENT
SET DEFINE OFF;
Insert into SA.JOB_ANNOUNCEMENT (ADVERTISEMENTID,JOBHEADER,TEXT,SALARY,ANNOUNCEMENTDATE,DEADLINE,WORKTYPE,CREATORID) values (1,'.Net Developer','web uygulama geli?tiricisi',null,to_date('18-DEC-21','DD-MON-RR'),to_date('28-DEC-18','DD-MON-RR'),'FULLTIME',4);
Insert into SA.JOB_ANNOUNCEMENT (ADVERTISEMENTID,JOBHEADER,TEXT,SALARY,ANNOUNCEMENTDATE,DEADLINE,WORKTYPE,CREATORID) values (2,'.Scada Developer','scada bilen ç?ks?n kas?yo',null,to_date('18-DEC-21','DD-MON-RR'),to_date('30-DEC-18','DD-MON-RR'),'FULLTIME',5);
REM INSERTING into SA.JOB_APPLY
SET DEFINE OFF;
Insert into SA.JOB_APPLY (ADVERTISEMENTID,USERID,RESUMEURL) values (1,2,'elmasricv.pdf');
REM INSERTING into SA.LINKEDIN_GROUP
SET DEFINE OFF;
REM INSERTING into SA.LINKEDIN_USER
SET DEFINE OFF;
Insert into SA.LINKEDIN_USER (USERID,FNAME,MNAME,LNAME,BIRTHDAY,PHONE,EMAIL,USERPASSWORD,ACCOUNTTYPE,CREATORID) values (1,'MURAT','OSMAN','UNALIR',to_date('01-JAN-70','DD-MON-RR'),null,'muratunalir@ege.edu.tr','osman123','FREE',1);
Insert into SA.LINKEDIN_USER (USERID,FNAME,MNAME,LNAME,BIRTHDAY,PHONE,EMAIL,USERPASSWORD,ACCOUNTTYPE,CREATORID) values (2,'RAMEZ',null,'ELMASRI',to_date('01-OCT-49','DD-MON-RR'),null,'elmasri@gmail.com','eerElmasri1949','PREMIUM',2);
Insert into SA.LINKEDIN_USER (USERID,FNAME,MNAME,LNAME,BIRTHDAY,PHONE,EMAIL,USERPASSWORD,ACCOUNTTYPE,CREATORID) values (3,'OKAN',null,'ALPER',to_date('15-MAY-68','DD-MON-RR'),null,'okanp@linovi.com','awsscadascadability','FREE',3);
Insert into SA.LINKEDIN_USER (USERID,FNAME,MNAME,LNAME,BIRTHDAY,PHONE,EMAIL,USERPASSWORD,ACCOUNTTYPE,CREATORID) values (4,'ERCAN',null,'GUNBILEK',to_date('15-MAR-93','DD-MON-RR'),null,'ercan@gmail.com','232','FREE',4);
Insert into SA.LINKEDIN_USER (USERID,FNAME,MNAME,LNAME,BIRTHDAY,PHONE,EMAIL,USERPASSWORD,ACCOUNTTYPE,CREATORID) values (5,'NESIBE','ZEYNEP','AYAZ',to_date('15-OCT-97','DD-MON-RR'),null,'zeynep@gmail.com','asd','FREE',5);
Insert into SA.LINKEDIN_USER (USERID,FNAME,MNAME,LNAME,BIRTHDAY,PHONE,EMAIL,USERPASSWORD,ACCOUNTTYPE,CREATORID) values (6,'BATUHAN',null,'KADIO?LU',to_date('12-SEP-96','DD-MON-RR'),null,'batuhan@gmail.com','awsscadasdsaascadab','FREE',6);
Insert into SA.LINKEDIN_USER (USERID,FNAME,MNAME,LNAME,BIRTHDAY,PHONE,EMAIL,USERPASSWORD,ACCOUNTTYPE,CREATORID) values (7,'Atakan',null,'ÇETIN',to_date('25-FEB-96','DD-MON-RR'),null,'atakan@gmail.com','awsscadasca2223dab','FREE',7);
REM INSERTING into SA.MEDIA
SET DEFINE OFF;
REM INSERTING into SA.MESSAGE
SET DEFINE OFF;
REM INSERTING into SA.POST
SET DEFINE OFF;
REM INSERTING into SA.POST_CONTAINS_HASHTAG
SET DEFINE OFF;
REM INSERTING into SA.PROFILE_INFO
SET DEFINE OFF;
Insert into SA.PROFILE_INFO (PROFILEINFOID,PROFILEID,INFONAME,PROFILEINFOTYPE) values (1,1,'EER','SKILL');
Insert into SA.PROFILE_INFO (PROFILEINFOID,PROFILEID,INFONAME,PROFILEINFOTYPE) values (2,1,'DATABASE','SKILL');
Insert into SA.PROFILE_INFO (PROFILEINFOID,PROFILEID,INFONAME,PROFILEINFOTYPE) values (3,1,'ONTOLOGY','SKILL');
Insert into SA.PROFILE_INFO (PROFILEINFOID,PROFILEID,INFONAME,PROFILEINFOTYPE) values (6,1,'Ege Üniversitesi','EXPERIENCE');
Insert into SA.PROFILE_INFO (PROFILEINFOID,PROFILEID,INFONAME,PROFILEINFOTYPE) values (4,5,'.NET MVC','SKILL');
Insert into SA.PROFILE_INFO (PROFILEINFOID,PROFILEID,INFONAME,PROFILEINFOTYPE) values (5,5,'C','SKILL');
Insert into SA.PROFILE_INFO (PROFILEINFOID,PROFILEID,INFONAME,PROFILEINFOTYPE) values (7,5,'Massive Process','EXPERIENCE');
Insert into SA.PROFILE_INFO (PROFILEINFOID,PROFILEID,INFONAME,PROFILEINFOTYPE) values (8,5,'Çekirdek Bilgi Teknolojileri','EXPERIENCE');
Insert into SA.PROFILE_INFO (PROFILEINFOID,PROFILEID,INFONAME,PROFILEINFOTYPE) values (12,3,'Ege Üniversitesi','SCHOOL');
REM INSERTING into SA.PROFILE_INFO_LANGUAGE
SET DEFINE OFF;
REM INSERTING into SA.RECOMMENDATION
SET DEFINE OFF;
Insert into SA.RECOMMENDATION (FROMUSERID,TOUSERID,TEXT,RECOMENDATIONDATE) values (2,1,'Osman iyi güzel bir arkada?',to_date('18-DEC-21','DD-MON-RR'));
Insert into SA.RECOMMENDATION (FROMUSERID,TOUSERID,TEXT,RECOMENDATIONDATE) values (4,1,'Test Recommendation1',to_date('21-DEC-18','DD-MON-RR'));
Insert into SA.RECOMMENDATION (FROMUSERID,TOUSERID,TEXT,RECOMENDATIONDATE) values (3,1,'Test Recommendation2',to_date('21-DEC-18','DD-MON-RR'));
Insert into SA.RECOMMENDATION (FROMUSERID,TOUSERID,TEXT,RECOMENDATIONDATE) values (5,1,'Test Recommendation4',to_date('21-DEC-18','DD-MON-RR'));
REM INSERTING into SA.SCHOOL
SET DEFINE OFF;
Insert into SA.SCHOOL (PROFILEINFOID,PROFILEID,DEPARTMENT,GPA,STARTDATE,GRADUATEDATE) values (12,3,'CENG',3,to_date('01-JAN-14','DD-MON-RR'),to_date('01-JAN-17','DD-MON-RR'));
REM INSERTING into SA.SKILL
SET DEFINE OFF;
Insert into SA.SKILL (PROFILEINFOID,PROFILEID) values (1,1);
Insert into SA.SKILL (PROFILEINFOID,PROFILEID) values (2,1);
Insert into SA.SKILL (PROFILEINFOID,PROFILEID) values (3,1);
Insert into SA.SKILL (PROFILEINFOID,PROFILEID) values (4,5);
Insert into SA.SKILL (PROFILEINFOID,PROFILEID) values (5,5);
REM INSERTING into SA.USER_PROFILE
SET DEFINE OFF;
Insert into SA.USER_PROFILE (PROFILEID) values (1);
Insert into SA.USER_PROFILE (PROFILEID) values (2);
Insert into SA.USER_PROFILE (PROFILEID) values (3);
Insert into SA.USER_PROFILE (PROFILEID) values (4);
Insert into SA.USER_PROFILE (PROFILEID) values (5);
REM INSERTING into SA.USER_REPORT
SET DEFINE OFF;
REM INSERTING into SA.USER_SETTINGS
SET DEFINE OFF;
--------------------------------------------------------
--  DDL for Index BOOKMARK_PK
--------------------------------------------------------

  CREATE UNIQUE INDEX "SA"."BOOKMARK_PK" ON "SA"."BOOKMARK" ("USERID", "ADVERTISEMENTID") 
  PCTFREE 10 INITRANS 2 MAXTRANS 255 COMPUTE STATISTICS 
  STORAGE(INITIAL 65536 NEXT 1048576 MINEXTENTS 1 MAXEXTENTS 2147483645
  PCTINCREASE 0 FREELISTS 1 FREELIST GROUPS 1
  BUFFER_POOL DEFAULT FLASH_CACHE DEFAULT CELL_FLASH_CACHE DEFAULT)
  TABLESPACE "USERS" ;
--------------------------------------------------------
--  DDL for Index CITY_PK
--------------------------------------------------------

  CREATE UNIQUE INDEX "SA"."CITY_PK" ON "SA"."CITY" ("COUNTRYCODE", "CITYNAME") 
  PCTFREE 10 INITRANS 2 MAXTRANS 255 COMPUTE STATISTICS 
  STORAGE(INITIAL 65536 NEXT 1048576 MINEXTENTS 1 MAXEXTENTS 2147483645
  PCTINCREASE 0 FREELISTS 1 FREELIST GROUPS 1
  BUFFER_POOL DEFAULT FLASH_CACHE DEFAULT CELL_FLASH_CACHE DEFAULT)
  TABLESPACE "USERS" ;
--------------------------------------------------------
--  DDL for Index COMMUNITYROLE_PK
--------------------------------------------------------

  CREATE UNIQUE INDEX "SA"."COMMUNITYROLE_PK" ON "SA"."COMMUNITY_ROLE" ("USERID", "COMMUNITYID") 
  PCTFREE 10 INITRANS 2 MAXTRANS 255 COMPUTE STATISTICS 
  TABLESPACE "USERS" ;
--------------------------------------------------------
--  DDL for Index NOTIFICATION_PK
--------------------------------------------------------

  CREATE UNIQUE INDEX "SA"."NOTIFICATION_PK" ON "SA"."CREATOR_NOTIFICATION" ("CREATORID", "ACTIONID") 
  PCTFREE 10 INITRANS 2 MAXTRANS 255 COMPUTE STATISTICS 
  STORAGE(INITIAL 65536 NEXT 1048576 MINEXTENTS 1 MAXEXTENTS 2147483645
  PCTINCREASE 0 FREELISTS 1 FREELIST GROUPS 1
  BUFFER_POOL DEFAULT FLASH_CACHE DEFAULT CELL_FLASH_CACHE DEFAULT)
  TABLESPACE "USERS" ;
--------------------------------------------------------
--  DDL for Index SYS_C007414
--------------------------------------------------------

  CREATE UNIQUE INDEX "SA"."SYS_C007414" ON "SA"."RECOMMENDATION" ("FROMUSERID", "TOUSERID") 
  PCTFREE 10 INITRANS 2 MAXTRANS 255 COMPUTE STATISTICS 
  STORAGE(INITIAL 65536 NEXT 1048576 MINEXTENTS 1 MAXEXTENTS 2147483645
  PCTINCREASE 0 FREELISTS 1 FREELIST GROUPS 1
  BUFFER_POOL DEFAULT FLASH_CACHE DEFAULT CELL_FLASH_CACHE DEFAULT)
  TABLESPACE "USERS" ;
--------------------------------------------------------
--  DDL for Trigger ACTION_ASSERTION_FOR_GROUP
--------------------------------------------------------

  CREATE OR REPLACE EDITIONABLE TRIGGER "SA"."ACTION_ASSERTION_FOR_GROUP" AFTER INSERT OR UPDATE ON ACTION 
FOR EACH ROW
DECLARE group_count INTEGER := 0; 
BEGIN
SELECT count (*) INTO group_count
FROM  LINKEDIN_GROUP,COMMUNITY
WHERE LINKEDIN_GROUP.CommunityId = COMMUNITY.CommunityId AND COMMUNITY.CreatorId = :new.CreatorId;
IF group_count <> 0 THEN 
   raise_application_error (-30000, 'ACTION owner can not be a GROUP');
END IF; 
END;

/
ALTER TRIGGER "SA"."ACTION_ASSERTION_FOR_GROUP" ENABLE;
--------------------------------------------------------
--  DDL for Trigger ACTION_CONNECTION_FOR_COMPANY
--------------------------------------------------------

  CREATE OR REPLACE EDITIONABLE TRIGGER "SA"."ACTION_CONNECTION_FOR_COMPANY" AFTER INSERT OR UPDATE ON ACTION 
FOR EACH ROW
DECLARE page_count INTEGER := 0; 
BEGIN
SELECT count (*) INTO page_count
FROM  COMPANY,COMMUNITY
WHERE COMPANY.CommunityId = COMMUNITY.CommunityId AND :new.CreatorId = COMMUNITY.CreatorId AND :new.ActionType = 'CONNECTION';
IF page_count <> 0 THEN 
   raise_application_error (-30001, 'CONNECTION owner can not be a COMPANY');
END IF; 
END;

/
ALTER TRIGGER "SA"."ACTION_CONNECTION_FOR_COMPANY" ENABLE;
--------------------------------------------------------
--  DDL for Trigger ACTION_FOLLOW_FOR_COMPANY
--------------------------------------------------------

  CREATE OR REPLACE EDITIONABLE TRIGGER "SA"."ACTION_FOLLOW_FOR_COMPANY" AFTER INSERT OR UPDATE ON ACTION 
FOR EACH ROW
DECLARE page_count INTEGER := 0; 
BEGIN
SELECT count (*) INTO page_count
FROM  COMPANY,COMMUNITY
WHERE COMPANY.CommunityId = COMMUNITY.CommunityId AND :new.CreatorId = COMMUNITY.CreatorId AND :new.ActionType = 'FOLLOW';
IF page_count <> 0 THEN 
   raise_application_error (-30002, 'FOLLOW owner can not be a COMPANY');
END IF; 
END;

/
ALTER TRIGGER "SA"."ACTION_FOLLOW_FOR_COMPANY" ENABLE;
--------------------------------------------------------
--  DDL for Trigger ACTION_INSERT_AFTER
--------------------------------------------------------

  CREATE OR REPLACE EDITIONABLE TRIGGER "SA"."ACTION_INSERT_AFTER" AFTER INSERT ON ACTION
FOR EACH ROW
DECLARE Notification_Owner INTEGER := 0;
BEGIN
SELECT CreatorId INTO Notification_Owner
FROM CREATOR
WHERE CREATOR.EffectedId = :NEW.DestinationId;
INSERT INTO CREATOR_NOTIFICATION
  VALUES
    (Notification_Owner,:NEW.ActionId,:NEW.ActionType,TO_DATE(SYSDATE ,'DD/MM/YYYY'));
INSERT INTO EFFECTED
  VALUES(:NEW.DestinationId);
END;
/
ALTER TRIGGER "SA"."ACTION_INSERT_AFTER" ENABLE;
--------------------------------------------------------
--  DDL for Trigger ACTION_JOIN_FOR_COMPANY
--------------------------------------------------------

  CREATE OR REPLACE EDITIONABLE TRIGGER "SA"."ACTION_JOIN_FOR_COMPANY" AFTER INSERT OR UPDATE ON ACTION 
FOR EACH ROW
DECLARE page_count INTEGER := 0; 
BEGIN
SELECT count (*) INTO page_count
FROM  COMPANY,COMMUNITY
WHERE COMPANY.CommunityId = COMMUNITY.CommunityId AND :new.CreatorId = COMMUNITY.CreatorId AND :new.ActionType = 'JOIN';
IF page_count <> 0 THEN 
   raise_application_error (-30003, 'JOIN owner can not be a COMPANY');
END IF; 
END;

/
ALTER TRIGGER "SA"."ACTION_JOIN_FOR_COMPANY" ENABLE;
--------------------------------------------------------
--  DDL for Trigger ADS_OWNER_COMPANY
--------------------------------------------------------

  CREATE OR REPLACE EDITIONABLE TRIGGER "SA"."ADS_OWNER_COMPANY" AFTER INSERT OR UPDATE ON ADS
FOR EACH ROW
DECLARE group_count INTEGER := 0; 
BEGIN
SELECT count (*) INTO group_count
FROM  USER_PROFILE,COMPANY,COMMUNITY
WHERE :NEW.CreatorId = COMMUNITY.CreatorId AND COMPANY.CommunityId = community.communityid;
IF group_count <> 0 THEN 
   raise_application_error (-30004, 'ADS owner can not be a COMPANY');
END IF;
END;

/
ALTER TRIGGER "SA"."ADS_OWNER_COMPANY" ENABLE;
--------------------------------------------------------
--  DDL for Trigger COMMUNITY_INSERT
--------------------------------------------------------

  CREATE OR REPLACE EDITIONABLE TRIGGER "SA"."COMMUNITY_INSERT" AFTER INSERT ON COMMUNITY
FOR EACH ROW
BEGIN
  INSERT INTO CREATOR
  VALUES(:NEW.CreatorId,Effected_Seq.NEXTVAL);
  IF :NEW.CommunityType = 'GROUP' THEN
    INSERT INTO LINKEDIN_GROUP
    VALUES(:NEW.CommunityId,:NEW.UserId);
  ELSE
  INSERT INTO COMPANY
    VALUES(:NEW.CommunityId,:NEW.UserId,NULL);
  END IF;
END;
/
ALTER TRIGGER "SA"."COMMUNITY_INSERT" ENABLE;
--------------------------------------------------------
--  DDL for Trigger COMPANY_SETTINGS_ASSERTION_FOR_PAGE
--------------------------------------------------------

  CREATE OR REPLACE EDITIONABLE TRIGGER "SA"."COMPANY_SETTINGS_ASSERTION_FOR_PAGE" AFTER INSERT OR UPDATE ON COMPANY_SETTINGS 
FOR EACH ROW
DECLARE company_count INTEGER := 0; 
BEGIN
SELECT count (*) INTO company_count
FROM  COMPANY,COMMUNITY
WHERE COMPANY.CommunityId = COMMUNITY.CommunityId AND COMMUNITY.CreatorId = :new.CreatorId;
IF company_count = 0 THEN 
   raise_application_error (-30005, 'COMPANY settings owner must be a COMPANY');
END IF; 
END;

/
ALTER TRIGGER "SA"."COMPANY_SETTINGS_ASSERTION_FOR_PAGE" ENABLE;
--------------------------------------------------------
--  DDL for Trigger CREATOR_INSERT
--------------------------------------------------------

  CREATE OR REPLACE EDITIONABLE TRIGGER "SA"."CREATOR_INSERT" BEFORE INSERT ON CREATOR
FOR EACH ROW
BEGIN
  INSERT INTO EFFECTED
  VALUES(Effected_Seq.CURRVAL);
END;

/
ALTER TRIGGER "SA"."CREATOR_INSERT" ENABLE;
--------------------------------------------------------
--  DDL for Trigger EFFECTED_ACTION_COMMENT_ASSERTION_FOR_CREATOR
--------------------------------------------------------

  CREATE OR REPLACE EDITIONABLE TRIGGER "SA"."EFFECTED_ACTION_COMMENT_ASSERTION_FOR_CREATOR" AFTER INSERT OR UPDATE ON ACTION 
FOR EACH ROW
DECLARE community_count INTEGER := 0; 
BEGIN
SELECT count (*) INTO community_count
FROM CREATOR
WHERE :new.ActionType = 'COMMENT' AND :new.DestinationId = CREATOR.EffectedId ;
IF community_count <> 0 THEN 
   raise_application_error (-30006, 'Creator can not be affected with Comment action');
END IF; 
END;

/
ALTER TRIGGER "SA"."EFFECTED_ACTION_COMMENT_ASSERTION_FOR_CREATOR" ENABLE;
--------------------------------------------------------
--  DDL for Trigger EFFECTED_ACTION_CONNECTION_ASSERTION_FOR_COMMENT
--------------------------------------------------------

  CREATE OR REPLACE EDITIONABLE TRIGGER "SA"."EFFECTED_ACTION_CONNECTION_ASSERTION_FOR_COMMENT" AFTER INSERT OR UPDATE ON ACTION 
FOR EACH ROW
DECLARE community_count INTEGER := 0; 
BEGIN
SELECT count (*) INTO community_count
FROM CREATOR_COMMENT
WHERE :new.ActionType = 'CONNECTION' AND :new.DestinationId = CREATOR_COMMENT.EffectedId ;
IF community_count <> 0 THEN 
   raise_application_error (-30007, 'Comment can not be affected with Connection action');
END IF; 
END;
/* COMMUNITY can not be affected with FRIENDSHIP action*/

/
ALTER TRIGGER "SA"."EFFECTED_ACTION_CONNECTION_ASSERTION_FOR_COMMENT" ENABLE;
--------------------------------------------------------
--  DDL for Trigger EFFECTED_ACTION_CONNECTION_ASSERTION_FOR_COMMUNITY
--------------------------------------------------------

  CREATE OR REPLACE EDITIONABLE TRIGGER "SA"."EFFECTED_ACTION_CONNECTION_ASSERTION_FOR_COMMUNITY" AFTER INSERT OR UPDATE ON ACTION 
FOR EACH ROW
DECLARE community_count INTEGER := 0; 
BEGIN
SELECT count (*) INTO community_count
FROM  COMMUNITY,CREATOR
WHERE :new.ActionType = 'CONNECTION' AND COMMUNITY.CreatorId = :new.CreatorId AND :new.DestinationId = CREATOR.EffectedId;
IF community_count <> 0 THEN 
   raise_application_error (-30008, 'COMMUNITY can not be affected with CONNECTION action');
END IF; 
END;

/
ALTER TRIGGER "SA"."EFFECTED_ACTION_CONNECTION_ASSERTION_FOR_COMMUNITY" ENABLE;
--------------------------------------------------------
--  DDL for Trigger EFFECTED_ACTION_CONNECTION_ASSERTION_FOR_POST
--------------------------------------------------------

  CREATE OR REPLACE EDITIONABLE TRIGGER "SA"."EFFECTED_ACTION_CONNECTION_ASSERTION_FOR_POST" AFTER INSERT OR UPDATE ON ACTION 
FOR EACH ROW
DECLARE community_count INTEGER := 0; 
BEGIN
SELECT count (*) INTO community_count
FROM POST
WHERE :new.ActionType = 'CONNECTION' AND :new.DestinationId = POST.EffectedId ;
IF community_count <> 0 THEN 
   raise_application_error (-30009, 'Post can not be affected with Connection action');
END IF; 
END;

/
ALTER TRIGGER "SA"."EFFECTED_ACTION_CONNECTION_ASSERTION_FOR_POST" ENABLE;
--------------------------------------------------------
--  DDL for Trigger EFFECTED_ACTION_FOLLOW_ASSERTION_FOR_COMMENT
--------------------------------------------------------

  CREATE OR REPLACE EDITIONABLE TRIGGER "SA"."EFFECTED_ACTION_FOLLOW_ASSERTION_FOR_COMMENT" AFTER INSERT OR UPDATE ON ACTION 
FOR EACH ROW
DECLARE community_count INTEGER := 0; 
BEGIN
SELECT count (*) INTO community_count
FROM CREATOR_COMMENT
WHERE :new.ActionType = 'FOLLOW' AND :new.DestinationId = CREATOR_COMMENT.EffectedId ;
IF community_count <> 0 THEN 
   raise_application_error (-30010, 'Comment can not be affected with Follow action');
END IF; 
END;

/
ALTER TRIGGER "SA"."EFFECTED_ACTION_FOLLOW_ASSERTION_FOR_COMMENT" ENABLE;
--------------------------------------------------------
--  DDL for Trigger EFFECTED_ACTION_FOLLOW_ASSERTION_FOR_GROUP
--------------------------------------------------------

  CREATE OR REPLACE EDITIONABLE TRIGGER "SA"."EFFECTED_ACTION_FOLLOW_ASSERTION_FOR_GROUP" AFTER INSERT OR UPDATE ON ACTION 
FOR EACH ROW
DECLARE community_count INTEGER := 0; 
BEGIN
SELECT count (*) INTO community_count
FROM  COMMUNITY,CREATOR,LINKEDIN_GROUP
WHERE :new.ActionType = 'FOLLOW' AND :new.DestinationId = CREATOR.EffectedId AND LINKEDIN_GROUP.CommunityId = community.communityid;
IF community_count <> 0 THEN 
   raise_application_error (-30011, 'GROUP can not be affected with FOLLOW action');
END IF; 
END;

/
ALTER TRIGGER "SA"."EFFECTED_ACTION_FOLLOW_ASSERTION_FOR_GROUP" ENABLE;
--------------------------------------------------------
--  DDL for Trigger EFFECTED_ACTION_FOLLOW_ASSERTION_FOR_POST
--------------------------------------------------------

  CREATE OR REPLACE EDITIONABLE TRIGGER "SA"."EFFECTED_ACTION_FOLLOW_ASSERTION_FOR_POST" AFTER INSERT OR UPDATE ON ACTION 
FOR EACH ROW
DECLARE community_count INTEGER := 0; 
BEGIN
SELECT count (*) INTO community_count
FROM POST
WHERE :new.ActionType = 'FOLLOW' AND :new.DestinationId = POST.EffectedId ;
IF community_count <> 0 THEN 
   raise_application_error (-30012, 'Post can not be affected with Follow action');
END IF; 
END;
/* COMMUNITY can not be affected with FRIENDSHIP action*/

/
ALTER TRIGGER "SA"."EFFECTED_ACTION_FOLLOW_ASSERTION_FOR_POST" ENABLE;
--------------------------------------------------------
--  DDL for Trigger EFFECTED_ACTION_JOIN_ASSERTION_FOR_COMMENT
--------------------------------------------------------

  CREATE OR REPLACE EDITIONABLE TRIGGER "SA"."EFFECTED_ACTION_JOIN_ASSERTION_FOR_COMMENT" AFTER INSERT OR UPDATE ON ACTION 
FOR EACH ROW
DECLARE community_count INTEGER := 0; 
BEGIN
SELECT count (*) INTO community_count
FROM CREATOR_COMMENT
WHERE :new.ActionType = 'JOIN' AND :new.DestinationId = CREATOR_COMMENT.EffectedId ;
IF community_count <> 0 THEN 
   raise_application_error (-30013, 'Comment can not be affected with Join action');
END IF; 
END;

/
ALTER TRIGGER "SA"."EFFECTED_ACTION_JOIN_ASSERTION_FOR_COMMENT" ENABLE;
--------------------------------------------------------
--  DDL for Trigger EFFECTED_ACTION_JOIN_ASSERTION_FOR_COMPANY
--------------------------------------------------------

  CREATE OR REPLACE EDITIONABLE TRIGGER "SA"."EFFECTED_ACTION_JOIN_ASSERTION_FOR_COMPANY" AFTER INSERT OR UPDATE ON ACTION 
FOR EACH ROW
DECLARE community_count INTEGER := 0; 
BEGIN
SELECT count (*) INTO community_count
FROM  COMMUNITY,CREATOR,COMPANY
WHERE :new.ActionType = 'FOLLOW' AND :new.DestinationId = CREATOR.EffectedId AND COMPANY.CommunityId = community.communityid;
IF community_count <> 0 THEN 
   raise_application_error (-30014, 'Company can not be affected with JOIN action');
END IF; 
END;

/
ALTER TRIGGER "SA"."EFFECTED_ACTION_JOIN_ASSERTION_FOR_COMPANY" ENABLE;
--------------------------------------------------------
--  DDL for Trigger EFFECTED_ACTION_JOIN_ASSERTION_FOR_POST
--------------------------------------------------------

  CREATE OR REPLACE EDITIONABLE TRIGGER "SA"."EFFECTED_ACTION_JOIN_ASSERTION_FOR_POST" AFTER INSERT OR UPDATE ON ACTION 
FOR EACH ROW
DECLARE community_count INTEGER := 0; 
BEGIN
SELECT count (*) INTO community_count
FROM POST
WHERE :new.ActionType = 'JOIN' AND :new.DestinationId = POST.EffectedId ;
IF community_count <> 0 THEN 
   raise_application_error (-30015, 'Post can not be affected with Join action');
END IF; 
END;
/* COMMUNITY can not be affected with FRIENDSHIP action*/

/
ALTER TRIGGER "SA"."EFFECTED_ACTION_JOIN_ASSERTION_FOR_POST" ENABLE;
--------------------------------------------------------
--  DDL for Trigger EFFECTED_ACTION_JOIN_ASSERTION_FOR_USER
--------------------------------------------------------

  CREATE OR REPLACE EDITIONABLE TRIGGER "SA"."EFFECTED_ACTION_JOIN_ASSERTION_FOR_USER" AFTER INSERT OR UPDATE ON ACTION 
FOR EACH ROW
DECLARE page_count INTEGER := 0; 
BEGIN
SELECT count (*) INTO page_count
FROM  LINKEDIN_USER,CREATOR
WHERE :new.ActionType = 'JOIN' AND LINKEDIN_USER.CreatorId = :new.CreatorId AND CREATOR.EffectedId = :new.DestinationId;
IF page_count <> 0 THEN 
   raise_application_error (-30016, 'Effected_Action_Join_Assertion_For_User');
END IF; 
END;
/* COMMUNITY can not be affected with FRIENDSHIP action*/

/
ALTER TRIGGER "SA"."EFFECTED_ACTION_JOIN_ASSERTION_FOR_USER" ENABLE;
--------------------------------------------------------
--  DDL for Trigger EFFECTED_ACTION_LIKE_ASSERTION_FOR_CREATOR
--------------------------------------------------------

  CREATE OR REPLACE EDITIONABLE TRIGGER "SA"."EFFECTED_ACTION_LIKE_ASSERTION_FOR_CREATOR" AFTER INSERT OR UPDATE ON ACTION 
FOR EACH ROW
DECLARE community_count INTEGER := 0; 
BEGIN
SELECT count (*) INTO community_count
FROM CREATOR
WHERE :new.ActionType = 'LIKE' AND :new.DestinationId = CREATOR.EffectedId ;
IF community_count <> 0 THEN 
   raise_application_error (-30017, 'Creator can not be affected with Like action');
END IF; 
END;

/
ALTER TRIGGER "SA"."EFFECTED_ACTION_LIKE_ASSERTION_FOR_CREATOR" ENABLE;
--------------------------------------------------------
--  DDL for Trigger EFFECTED_ACTION_MESSAGE_ASSERTION_FOR_COMMENT
--------------------------------------------------------

  CREATE OR REPLACE EDITIONABLE TRIGGER "SA"."EFFECTED_ACTION_MESSAGE_ASSERTION_FOR_COMMENT" AFTER INSERT OR UPDATE ON ACTION 
FOR EACH ROW
DECLARE community_count INTEGER := 0; 
BEGIN
SELECT count (*) INTO community_count
FROM CREATOR_COMMENT
WHERE :new.ActionType = 'MESSAGE' AND :new.DestinationId = CREATOR_COMMENT.EffectedId ;
IF community_count <> 0 THEN 
   raise_application_error (-30018, 'Comment can not be affected with Message action');
END IF; 
END;

/
ALTER TRIGGER "SA"."EFFECTED_ACTION_MESSAGE_ASSERTION_FOR_COMMENT" ENABLE;
--------------------------------------------------------
--  DDL for Trigger EFFECTED_ACTION_MESSAGE_ASSERTION_FOR_COMMUNITY
--------------------------------------------------------

  CREATE OR REPLACE EDITIONABLE TRIGGER "SA"."EFFECTED_ACTION_MESSAGE_ASSERTION_FOR_COMMUNITY" AFTER INSERT OR UPDATE ON ACTION 
FOR EACH ROW
DECLARE community_count INTEGER := 0; 
BEGIN
SELECT count (*) INTO community_count
FROM  COMMUNITY,CREATOR
WHERE :new.ActionType = 'MESSAGE' AND COMMUNITY.CreatorId = :new.CreatorId AND :new.DestinationId = CREATOR.EffectedId;
IF community_count <> 0 THEN 
   raise_application_error (-30019, 'COMMUNITY can not be affected with MESSAGE action');
END IF; 
END;

/
ALTER TRIGGER "SA"."EFFECTED_ACTION_MESSAGE_ASSERTION_FOR_COMMUNITY" ENABLE;
--------------------------------------------------------
--  DDL for Trigger EFFECTED_ACTION_MESSAGE_ASSERTION_FOR_POST
--------------------------------------------------------

  CREATE OR REPLACE EDITIONABLE TRIGGER "SA"."EFFECTED_ACTION_MESSAGE_ASSERTION_FOR_POST" AFTER INSERT OR UPDATE ON ACTION 
FOR EACH ROW
DECLARE community_count INTEGER := 0; 
BEGIN
SELECT count (*) INTO community_count
FROM POST
WHERE :new.ActionType = 'MESSAGE' AND :new.DestinationId = POST.EffectedId ;
IF community_count <> 0 THEN 
   raise_application_error (-30020, 'Post can not be affected with Message action');
END IF; 
END;

/
ALTER TRIGGER "SA"."EFFECTED_ACTION_MESSAGE_ASSERTION_FOR_POST" ENABLE;
--------------------------------------------------------
--  DDL for Trigger EFFECTED_ACTION_POST_ASSERTION_FOR_COMMENT
--------------------------------------------------------

  CREATE OR REPLACE EDITIONABLE TRIGGER "SA"."EFFECTED_ACTION_POST_ASSERTION_FOR_COMMENT" AFTER INSERT OR UPDATE ON ACTION 
FOR EACH ROW
DECLARE community_count INTEGER := 0; 
BEGIN
SELECT count (*) INTO community_count
FROM CREATOR_COMMENT
WHERE :new.ActionType = 'POST' AND :new.DestinationId = CREATOR_COMMENT.EffectedId ;
IF community_count <> 0 THEN 
   raise_application_error (-30021, 'Comment can not be affected with Post action');
END IF; 
END;

/
ALTER TRIGGER "SA"."EFFECTED_ACTION_POST_ASSERTION_FOR_COMMENT" ENABLE;
--------------------------------------------------------
--  DDL for Trigger EFFECTED_ACTION_POST_ASSERTION_FOR_POST
--------------------------------------------------------

  CREATE OR REPLACE EDITIONABLE TRIGGER "SA"."EFFECTED_ACTION_POST_ASSERTION_FOR_POST" AFTER INSERT OR UPDATE ON ACTION 
FOR EACH ROW
DECLARE community_count INTEGER := 0; 
BEGIN
SELECT count (*) INTO community_count
FROM POST
WHERE :new.ActionType = 'POST' AND :new.DestinationId = POST.EffectedId ;
IF community_count <> 0 THEN 
   raise_application_error (-30022, 'Post can not be affected with Post action');
END IF; 
END;

/
ALTER TRIGGER "SA"."EFFECTED_ACTION_POST_ASSERTION_FOR_POST" ENABLE;
--------------------------------------------------------
--  DDL for Trigger EFFECTED_ACTION_SEARCH_ASSERTION_FOR_COMMENT
--------------------------------------------------------

  CREATE OR REPLACE EDITIONABLE TRIGGER "SA"."EFFECTED_ACTION_SEARCH_ASSERTION_FOR_COMMENT" AFTER INSERT OR UPDATE ON ACTION 
FOR EACH ROW
DECLARE community_count INTEGER := 0; 
BEGIN
SELECT count (*) INTO community_count
FROM CREATOR_COMMENT
WHERE :new.ActionType = 'SEARCH' AND :new.DestinationId = CREATOR_COMMENT.EffectedId ;
IF community_count <> 0 THEN 
   raise_application_error (-30023, 'Comment can not be affected with Search action');
END IF; 
END;

/
ALTER TRIGGER "SA"."EFFECTED_ACTION_SEARCH_ASSERTION_FOR_COMMENT" ENABLE;
--------------------------------------------------------
--  DDL for Trigger EFFECTED_ACTION_SEARCH_ASSERTION_FOR_POST
--------------------------------------------------------

  CREATE OR REPLACE EDITIONABLE TRIGGER "SA"."EFFECTED_ACTION_SEARCH_ASSERTION_FOR_POST" AFTER INSERT OR UPDATE ON ACTION 
FOR EACH ROW
DECLARE community_count INTEGER := 0; 
BEGIN
SELECT count (*) INTO community_count
FROM POST
WHERE :new.ActionType = 'SEARCH' AND :new.DestinationId = POST.EffectedId ;
IF community_count <> 0 THEN 
   raise_application_error (-30024, 'Post can not be affected with Search action');
END IF; 
END;

/
ALTER TRIGGER "SA"."EFFECTED_ACTION_SEARCH_ASSERTION_FOR_POST" ENABLE;
--------------------------------------------------------
--  DDL for Trigger EFFECTED_ACTION_VIEW_ASSERTION_FOR_COMMENT
--------------------------------------------------------

  CREATE OR REPLACE EDITIONABLE TRIGGER "SA"."EFFECTED_ACTION_VIEW_ASSERTION_FOR_COMMENT" AFTER INSERT OR UPDATE ON ACTION 
FOR EACH ROW
DECLARE community_count INTEGER := 0; 
BEGIN
SELECT count (*) INTO community_count
FROM CREATOR_COMMENT
WHERE :new.ActionType = 'VIEW' AND :new.DestinationId = CREATOR_COMMENT.EffectedId ;
IF community_count <> 0 THEN 
   raise_application_error (-30025, 'Comment can not be affected with View action');
END IF; 
END;

/
ALTER TRIGGER "SA"."EFFECTED_ACTION_VIEW_ASSERTION_FOR_COMMENT" ENABLE;
--------------------------------------------------------
--  DDL for Trigger EFFECTED_ACTION_VIEW_ASSERTION_FOR_POST
--------------------------------------------------------

  CREATE OR REPLACE EDITIONABLE TRIGGER "SA"."EFFECTED_ACTION_VIEW_ASSERTION_FOR_POST" AFTER INSERT OR UPDATE ON ACTION 
FOR EACH ROW
DECLARE community_count INTEGER := 0; 
BEGIN
SELECT count (*) INTO community_count
FROM POST
WHERE :new.ActionType = 'VIEW' AND :new.DestinationId = POST.EffectedId ;
IF community_count <> 0 THEN 
   raise_application_error (-30026, 'Post can not be affected with View action');
END IF; 
END;

/
ALTER TRIGGER "SA"."EFFECTED_ACTION_VIEW_ASSERTION_FOR_POST" ENABLE;
--------------------------------------------------------
--  DDL for Trigger GROUP_SETTINGS_ASSERTION_FOR_GROUP
--------------------------------------------------------

  CREATE OR REPLACE EDITIONABLE TRIGGER "SA"."GROUP_SETTINGS_ASSERTION_FOR_GROUP" AFTER INSERT OR UPDATE ON GROUP_SETTINGS 
FOR EACH ROW
DECLARE group_count INTEGER := 0; 
BEGIN
SELECT count (*) INTO group_count
FROM  LINKEDIN_GROUP,COMMUNITY
WHERE LINKEDIN_GROUP.CommunityId = COMMUNITY.CommunityId AND COMMUNITY.CreatorId = :new.CreatorId;
IF group_count = 0 THEN 
   raise_application_error (-30027, 'GROUP settings owner must be a GROUP');
END IF; 
END;

/
ALTER TRIGGER "SA"."GROUP_SETTINGS_ASSERTION_FOR_GROUP" ENABLE;
--------------------------------------------------------
--  DDL for Trigger JOB_ANNOUNCEMENT_OWNER_COMPANY
--------------------------------------------------------

  CREATE OR REPLACE EDITIONABLE TRIGGER "SA"."JOB_ANNOUNCEMENT_OWNER_COMPANY" AFTER INSERT OR UPDATE ON JOB_ANNOUNCEMENT
FOR EACH ROW
DECLARE group_count INTEGER := 0; 
BEGIN
SELECT count (*) INTO group_count
FROM  USER_PROFILE,COMPANY,COMMUNITY
WHERE :NEW.CreatorId = COMMUNITY.CreatorId AND COMPANY.CommunityId = community.communityid;
IF group_count <> 0 THEN 
   raise_application_error (-30028, 'JOB owner can not be a COMPANY');
END IF; 
END;

/
ALTER TRIGGER "SA"."JOB_ANNOUNCEMENT_OWNER_COMPANY" ENABLE;
--------------------------------------------------------
--  DDL for Trigger LINKEDIN_USER_INSERT
--------------------------------------------------------

  CREATE OR REPLACE EDITIONABLE TRIGGER "SA"."LINKEDIN_USER_INSERT" BEFORE INSERT ON LINKEDIN_USER
FOR EACH ROW
BEGIN
  INSERT INTO CREATOR
  VALUES(:NEW.CreatorId,Effected_Seq.NEXTVAL);
END;

/
ALTER TRIGGER "SA"."LINKEDIN_USER_INSERT" ENABLE;
--------------------------------------------------------
--  DDL for Trigger PROFILE_ASSERTION_FOR_COMPANY
--------------------------------------------------------

  CREATE OR REPLACE EDITIONABLE TRIGGER "SA"."PROFILE_ASSERTION_FOR_COMPANY" AFTER INSERT OR UPDATE ON COMPANY_PROFILE 
FOR EACH ROW
DECLARE user_count INTEGER := 0; 
BEGIN
SELECT count (*) INTO user_count
FROM   COMPANY,CREATOR_PROFILE,COMMUNITY
WHERE  :new.ProfileId = CREATOR_PROFILE.ProfileId AND COMPANY.CommunityId = COMMUNITY.CommunityId;
IF user_count = 0 THEN 
   raise_application_error (-30029, 'COMPANY_Profile owner must be a company');
END IF; 
END;

/
ALTER TRIGGER "SA"."PROFILE_ASSERTION_FOR_COMPANY" ENABLE;
--------------------------------------------------------
--  DDL for Trigger PROFILE_ASSERTION_FOR_GROUP
--------------------------------------------------------

  CREATE OR REPLACE EDITIONABLE TRIGGER "SA"."PROFILE_ASSERTION_FOR_GROUP" AFTER INSERT OR UPDATE ON GROUP_PROFILE 
FOR EACH ROW
DECLARE user_count INTEGER := 0; 
BEGIN
SELECT count (*) INTO user_count
FROM   LINKEDIN_GROUP,CREATOR_PROFILE,COMMUNITY
WHERE  :new.ProfileId = CREATOR_PROFILE.ProfileId AND LINKEDIN_GROUP.CommunityId = COMMUNITY.CommunityId;
IF user_count = 0 THEN 
   raise_application_error (-30030, 'GROUP_Profile owner must be a group');
END IF; 
END;

/
ALTER TRIGGER "SA"."PROFILE_ASSERTION_FOR_GROUP" ENABLE;
--------------------------------------------------------
--  DDL for Trigger PROFILE_ASSERTION_FOR_USER
--------------------------------------------------------

  CREATE OR REPLACE EDITIONABLE TRIGGER "SA"."PROFILE_ASSERTION_FOR_USER" AFTER INSERT OR UPDATE ON USER_PROFILE 
FOR EACH ROW
DECLARE user_count INTEGER := 0; 
BEGIN
SELECT count (*) INTO user_count
FROM   LINKEDIN_USER,CREATOR_PROFILE
WHERE  :new.ProfileId = CREATOR_PROFILE.ProfileId AND CREATOR_PROFILE.CreatorId = LINKEDIN_USER.CreatorId;
IF user_count = 0 THEN 
   raise_application_error (-30031, 'USER_Profile owner must be a user');
END IF; 
END;

/
ALTER TRIGGER "SA"."PROFILE_ASSERTION_FOR_USER" ENABLE;
--------------------------------------------------------
--  DDL for Trigger PROFILE_INFO_OWNER_USERPROFILE
--------------------------------------------------------

  CREATE OR REPLACE EDITIONABLE TRIGGER "SA"."PROFILE_INFO_OWNER_USERPROFILE" AFTER INSERT OR UPDATE ON PROFILE_INFO
FOR EACH ROW
DECLARE user_count INTEGER := 0; 
BEGIN
SELECT count (*) INTO user_count
FROM  USER_PROFILE
WHERE :NEW.ProfileId = USER_PROFILE.ProfileId;
IF user_count = 0 THEN 
   raise_application_error (-30032, 'Profile_Info owner can be a User_Profile');
END IF; 
END;
/
ALTER TRIGGER "SA"."PROFILE_INFO_OWNER_USERPROFILE" ENABLE;
--------------------------------------------------------
--  DDL for Trigger USER_SETTINGS_ASSERTION_FOR_USER
--------------------------------------------------------

  CREATE OR REPLACE EDITIONABLE TRIGGER "SA"."USER_SETTINGS_ASSERTION_FOR_USER" AFTER INSERT OR UPDATE ON USER_SETTINGS 
FOR EACH ROW
DECLARE user_count INTEGER := 0; 
BEGIN
SELECT count (*) INTO user_count
FROM   LINKEDIN_USER
WHERE  :new.CreatorId = CreatorId;
IF user_count <> 0 THEN 
   raise_application_error (-30033, 'User settings owner must be a user');
END IF; 
END;
/
ALTER TRIGGER "SA"."USER_SETTINGS_ASSERTION_FOR_USER" ENABLE;
--------------------------------------------------------
--  Constraints for Table USER_SETTINGS
--------------------------------------------------------

  ALTER TABLE "SA"."USER_SETTINGS" MODIFY ("USERLANGUAGE" NOT NULL ENABLE);
  ALTER TABLE "SA"."USER_SETTINGS" MODIFY ("TWOFACTORAUTHENTICATION" NOT NULL ENABLE);
  ALTER TABLE "SA"."USER_SETTINGS" MODIFY ("CONNECTIONPRIVACY" NOT NULL ENABLE);
  ALTER TABLE "SA"."USER_SETTINGS" MODIFY ("PROFILEVISIBILITY" NOT NULL ENABLE);
  ALTER TABLE "SA"."USER_SETTINGS" MODIFY ("CREATORID" NOT NULL ENABLE);
  ALTER TABLE "SA"."USER_SETTINGS" ADD CHECK (UserLanguage IN ('ENGLISH','TURKISH','GERMAN','SPANISH','RUSSIAN')) ENABLE;
  ALTER TABLE "SA"."USER_SETTINGS" ADD CHECK (ConnectionPrivacy IN ('PUBLIC','ONLY MEMBERS','MY CONNECTIONS')) ENABLE;
  ALTER TABLE "SA"."USER_SETTINGS" ADD CHECK (ProfileVisibility IN ('PUBLIC','ONLY MEMBERS','MY CONNECTIONS')) ENABLE;
  ALTER TABLE "SA"."USER_SETTINGS" ADD PRIMARY KEY ("USERSETTINGSID")
  USING INDEX PCTFREE 10 INITRANS 2 MAXTRANS 255 COMPUTE STATISTICS 
  TABLESPACE "USERS"  ENABLE;
--------------------------------------------------------
--  Constraints for Table COMPANY_SETTINGS
--------------------------------------------------------

  ALTER TABLE "SA"."COMPANY_SETTINGS" MODIFY ("CREATORID" NOT NULL ENABLE);
  ALTER TABLE "SA"."COMPANY_SETTINGS" ADD PRIMARY KEY ("COMPANYSETTINGSID")
  USING INDEX PCTFREE 10 INITRANS 2 MAXTRANS 255 COMPUTE STATISTICS 
  TABLESPACE "USERS"  ENABLE;
--------------------------------------------------------
--  Constraints for Table POST_CONTAINS_HASHTAG
--------------------------------------------------------

  ALTER TABLE "SA"."POST_CONTAINS_HASHTAG" ADD PRIMARY KEY ("ACTIONID", "HASHTAGNAME")
  USING INDEX PCTFREE 10 INITRANS 2 MAXTRANS 255 COMPUTE STATISTICS 
  STORAGE(INITIAL 65536 NEXT 1048576 MINEXTENTS 1 MAXEXTENTS 2147483645
  PCTINCREASE 0 FREELISTS 1 FREELIST GROUPS 1
  BUFFER_POOL DEFAULT FLASH_CACHE DEFAULT CELL_FLASH_CACHE DEFAULT)
  TABLESPACE "USERS"  ENABLE;
--------------------------------------------------------
--  Constraints for Table ACTION_SEARCH
--------------------------------------------------------

  ALTER TABLE "SA"."ACTION_SEARCH" MODIFY ("SEARCHTEXT" NOT NULL ENABLE);
  ALTER TABLE "SA"."ACTION_SEARCH" ADD PRIMARY KEY ("ACTIONID")
  USING INDEX PCTFREE 10 INITRANS 2 MAXTRANS 255 COMPUTE STATISTICS 
  STORAGE(INITIAL 65536 NEXT 1048576 MINEXTENTS 1 MAXEXTENTS 2147483645
  PCTINCREASE 0 FREELISTS 1 FREELIST GROUPS 1
  BUFFER_POOL DEFAULT FLASH_CACHE DEFAULT CELL_FLASH_CACHE DEFAULT)
  TABLESPACE "USERS"  ENABLE;
--------------------------------------------------------
--  Constraints for Table RECOMMENDATION
--------------------------------------------------------

  ALTER TABLE "SA"."RECOMMENDATION" MODIFY ("TOUSERID" NOT NULL ENABLE);
  ALTER TABLE "SA"."RECOMMENDATION" ADD CONSTRAINT "SYS_C007414" PRIMARY KEY ("FROMUSERID", "TOUSERID")
  USING INDEX PCTFREE 10 INITRANS 2 MAXTRANS 255 COMPUTE STATISTICS 
  STORAGE(INITIAL 65536 NEXT 1048576 MINEXTENTS 1 MAXEXTENTS 2147483645
  PCTINCREASE 0 FREELISTS 1 FREELIST GROUPS 1
  BUFFER_POOL DEFAULT FLASH_CACHE DEFAULT CELL_FLASH_CACHE DEFAULT)
  TABLESPACE "USERS"  ENABLE;
--------------------------------------------------------
--  Constraints for Table COMMUNITY
--------------------------------------------------------

  ALTER TABLE "SA"."COMMUNITY" MODIFY ("COMMUNITYNAME" NOT NULL ENABLE);
  ALTER TABLE "SA"."COMMUNITY" MODIFY ("CREATEDDATE" NOT NULL ENABLE);
  ALTER TABLE "SA"."COMMUNITY" MODIFY ("COMMUNITYTYPE" NOT NULL ENABLE);
  ALTER TABLE "SA"."COMMUNITY" ADD CHECK (CommunityType IN ('COMPANY', 'GROUP')) ENABLE;
  ALTER TABLE "SA"."COMMUNITY" ADD PRIMARY KEY ("COMMUNITYID", "USERID")
  USING INDEX PCTFREE 10 INITRANS 2 MAXTRANS 255 COMPUTE STATISTICS 
  STORAGE(INITIAL 65536 NEXT 1048576 MINEXTENTS 1 MAXEXTENTS 2147483645
  PCTINCREASE 0 FREELISTS 1 FREELIST GROUPS 1
  BUFFER_POOL DEFAULT FLASH_CACHE DEFAULT CELL_FLASH_CACHE DEFAULT)
  TABLESPACE "USERS"  ENABLE;
--------------------------------------------------------
--  Constraints for Table CREATOR_NOTIFICATION
--------------------------------------------------------

  ALTER TABLE "SA"."CREATOR_NOTIFICATION" MODIFY ("CREATORID" NOT NULL ENABLE);
  ALTER TABLE "SA"."CREATOR_NOTIFICATION" MODIFY ("ACTIONID" NOT NULL ENABLE);
  ALTER TABLE "SA"."CREATOR_NOTIFICATION" MODIFY ("NOTIFICATIONCONTENT" NOT NULL ENABLE);
  ALTER TABLE "SA"."CREATOR_NOTIFICATION" ADD CONSTRAINT "NOTIFICATION_PK" PRIMARY KEY ("CREATORID", "ACTIONID")
  USING INDEX PCTFREE 10 INITRANS 2 MAXTRANS 255 COMPUTE STATISTICS 
  STORAGE(INITIAL 65536 NEXT 1048576 MINEXTENTS 1 MAXEXTENTS 2147483645
  PCTINCREASE 0 FREELISTS 1 FREELIST GROUPS 1
  BUFFER_POOL DEFAULT FLASH_CACHE DEFAULT CELL_FLASH_CACHE DEFAULT)
  TABLESPACE "USERS"  ENABLE;
--------------------------------------------------------
--  Constraints for Table GROUP_SETTINGS
--------------------------------------------------------

  ALTER TABLE "SA"."GROUP_SETTINGS" MODIFY ("VISIBILITY" NOT NULL ENABLE);
  ALTER TABLE "SA"."GROUP_SETTINGS" MODIFY ("CREATORID" NOT NULL ENABLE);
  ALTER TABLE "SA"."GROUP_SETTINGS" ADD CHECK (Visibility IN ('PUBLIC','ONLY MEMBERS','MY CONNECTIONS')) ENABLE;
  ALTER TABLE "SA"."GROUP_SETTINGS" ADD PRIMARY KEY ("GROUPSETTINGSID")
  USING INDEX PCTFREE 10 INITRANS 2 MAXTRANS 255 COMPUTE STATISTICS 
  TABLESPACE "USERS"  ENABLE;
--------------------------------------------------------
--  Constraints for Table POST
--------------------------------------------------------

  ALTER TABLE "SA"."POST" ADD CHECK (Privacy IN('MY CONNECTIONS','PUBLIC','ONLY MEMBERS')) ENABLE;
  ALTER TABLE "SA"."POST" ADD PRIMARY KEY ("ACTIONID")
  USING INDEX PCTFREE 10 INITRANS 2 MAXTRANS 255 COMPUTE STATISTICS 
  STORAGE(INITIAL 65536 NEXT 1048576 MINEXTENTS 1 MAXEXTENTS 2147483645
  PCTINCREASE 0 FREELISTS 1 FREELIST GROUPS 1
  BUFFER_POOL DEFAULT FLASH_CACHE DEFAULT CELL_FLASH_CACHE DEFAULT)
  TABLESPACE "USERS"  ENABLE;
--------------------------------------------------------
--  Constraints for Table LINKEDIN_USER
--------------------------------------------------------

  ALTER TABLE "SA"."LINKEDIN_USER" MODIFY ("FNAME" NOT NULL ENABLE);
  ALTER TABLE "SA"."LINKEDIN_USER" MODIFY ("LNAME" NOT NULL ENABLE);
  ALTER TABLE "SA"."LINKEDIN_USER" MODIFY ("BIRTHDAY" NOT NULL ENABLE);
  ALTER TABLE "SA"."LINKEDIN_USER" MODIFY ("EMAIL" NOT NULL ENABLE);
  ALTER TABLE "SA"."LINKEDIN_USER" MODIFY ("USERPASSWORD" NOT NULL ENABLE);
  ALTER TABLE "SA"."LINKEDIN_USER" MODIFY ("ACCOUNTTYPE" NOT NULL ENABLE);
  ALTER TABLE "SA"."LINKEDIN_USER" ADD CHECK (AccountType IN ('FREE', 'PREMIUM')) ENABLE;
  ALTER TABLE "SA"."LINKEDIN_USER" ADD PRIMARY KEY ("USERID")
  USING INDEX PCTFREE 10 INITRANS 2 MAXTRANS 255 COMPUTE STATISTICS 
  STORAGE(INITIAL 65536 NEXT 1048576 MINEXTENTS 1 MAXEXTENTS 2147483645
  PCTINCREASE 0 FREELISTS 1 FREELIST GROUPS 1
  BUFFER_POOL DEFAULT FLASH_CACHE DEFAULT CELL_FLASH_CACHE DEFAULT)
  TABLESPACE "USERS"  ENABLE;
--------------------------------------------------------
--  Constraints for Table COMMUNITY_CATEGORY
--------------------------------------------------------

  ALTER TABLE "SA"."COMMUNITY_CATEGORY" MODIFY ("CATEGORYDESCRIPTION" NOT NULL ENABLE);
  ALTER TABLE "SA"."COMMUNITY_CATEGORY" ADD PRIMARY KEY ("CATEGORYNAME")
  USING INDEX PCTFREE 10 INITRANS 2 MAXTRANS 255 COMPUTE STATISTICS 
  TABLESPACE "USERS"  ENABLE;
--------------------------------------------------------
--  Constraints for Table COMPANY
--------------------------------------------------------

  ALTER TABLE "SA"."COMPANY" ADD CHECK (CompanySize IN ('1-10', '10-50','50-250','1000+','10000+','100000+')) ENABLE;
  ALTER TABLE "SA"."COMPANY" ADD PRIMARY KEY ("COMMUNITYID", "USERID")
  USING INDEX PCTFREE 10 INITRANS 2 MAXTRANS 255 COMPUTE STATISTICS 
  STORAGE(INITIAL 65536 NEXT 1048576 MINEXTENTS 1 MAXEXTENTS 2147483645
  PCTINCREASE 0 FREELISTS 1 FREELIST GROUPS 1
  BUFFER_POOL DEFAULT FLASH_CACHE DEFAULT CELL_FLASH_CACHE DEFAULT)
  TABLESPACE "USERS"  ENABLE;
--------------------------------------------------------
--  Constraints for Table EFFECTED
--------------------------------------------------------

  ALTER TABLE "SA"."EFFECTED" ADD PRIMARY KEY ("EFFECTEDID")
  USING INDEX PCTFREE 10 INITRANS 2 MAXTRANS 255 COMPUTE STATISTICS 
  STORAGE(INITIAL 65536 NEXT 1048576 MINEXTENTS 1 MAXEXTENTS 2147483645
  PCTINCREASE 0 FREELISTS 1 FREELIST GROUPS 1
  BUFFER_POOL DEFAULT FLASH_CACHE DEFAULT CELL_FLASH_CACHE DEFAULT)
  TABLESPACE "USERS"  ENABLE;
--------------------------------------------------------
--  Constraints for Table CREATOR_LIKE
--------------------------------------------------------

  ALTER TABLE "SA"."CREATOR_LIKE" ADD PRIMARY KEY ("ACTIONID")
  USING INDEX PCTFREE 10 INITRANS 2 MAXTRANS 255 COMPUTE STATISTICS 
  TABLESPACE "USERS"  ENABLE;
--------------------------------------------------------
--  Constraints for Table COUNTRY
--------------------------------------------------------

  ALTER TABLE "SA"."COUNTRY" MODIFY ("COUNTRYNAME" NOT NULL ENABLE);
  ALTER TABLE "SA"."COUNTRY" ADD PRIMARY KEY ("CODE")
  USING INDEX PCTFREE 10 INITRANS 2 MAXTRANS 255 COMPUTE STATISTICS 
  STORAGE(INITIAL 65536 NEXT 1048576 MINEXTENTS 1 MAXEXTENTS 2147483645
  PCTINCREASE 0 FREELISTS 1 FREELIST GROUPS 1
  BUFFER_POOL DEFAULT FLASH_CACHE DEFAULT CELL_FLASH_CACHE DEFAULT)
  TABLESPACE "USERS"  ENABLE;
--------------------------------------------------------
--  Constraints for Table CREATOR_COMMENT
--------------------------------------------------------

  ALTER TABLE "SA"."CREATOR_COMMENT" MODIFY ("COMMENTCONTENT" NOT NULL ENABLE);
  ALTER TABLE "SA"."CREATOR_COMMENT" MODIFY ("EFFECTEDID" NOT NULL ENABLE);
  ALTER TABLE "SA"."CREATOR_COMMENT" ADD PRIMARY KEY ("ACTIONID")
  USING INDEX PCTFREE 10 INITRANS 2 MAXTRANS 255 COMPUTE STATISTICS 
  TABLESPACE "USERS"  ENABLE;
--------------------------------------------------------
--  Constraints for Table ARTICLE
--------------------------------------------------------

  ALTER TABLE "SA"."ARTICLE" ADD PRIMARY KEY ("ARTICLEID")
  USING INDEX PCTFREE 10 INITRANS 2 MAXTRANS 255 COMPUTE STATISTICS 
  STORAGE(INITIAL 65536 NEXT 1048576 MINEXTENTS 1 MAXEXTENTS 2147483645
  PCTINCREASE 0 FREELISTS 1 FREELIST GROUPS 1
  BUFFER_POOL DEFAULT FLASH_CACHE DEFAULT CELL_FLASH_CACHE DEFAULT)
  TABLESPACE "USERS"  ENABLE;
--------------------------------------------------------
--  Constraints for Table COMMUNITY_HAS_CATEGORY
--------------------------------------------------------

  ALTER TABLE "SA"."COMMUNITY_HAS_CATEGORY" ADD PRIMARY KEY ("COMMUNITYID", "USERID", "CATEGORYNAME")
  USING INDEX PCTFREE 10 INITRANS 2 MAXTRANS 255 COMPUTE STATISTICS 
  TABLESPACE "USERS"  ENABLE;
--------------------------------------------------------
--  Constraints for Table BOOKMARK
--------------------------------------------------------

  ALTER TABLE "SA"."BOOKMARK" MODIFY ("USERID" NOT NULL ENABLE);
  ALTER TABLE "SA"."BOOKMARK" MODIFY ("ADVERTISEMENTID" NOT NULL ENABLE);
  ALTER TABLE "SA"."BOOKMARK" MODIFY ("SAVEDDATE" NOT NULL ENABLE);
  ALTER TABLE "SA"."BOOKMARK" ADD CONSTRAINT "BOOKMARK_PK" PRIMARY KEY ("USERID", "ADVERTISEMENTID")
  USING INDEX PCTFREE 10 INITRANS 2 MAXTRANS 255 COMPUTE STATISTICS 
  STORAGE(INITIAL 65536 NEXT 1048576 MINEXTENTS 1 MAXEXTENTS 2147483645
  PCTINCREASE 0 FREELISTS 1 FREELIST GROUPS 1
  BUFFER_POOL DEFAULT FLASH_CACHE DEFAULT CELL_FLASH_CACHE DEFAULT)
  TABLESPACE "USERS"  ENABLE;
--------------------------------------------------------
--  Constraints for Table SCHOOL
--------------------------------------------------------

  ALTER TABLE "SA"."SCHOOL" ADD PRIMARY KEY ("PROFILEINFOID", "PROFILEID")
  USING INDEX PCTFREE 10 INITRANS 2 MAXTRANS 255 COMPUTE STATISTICS 
  STORAGE(INITIAL 65536 NEXT 1048576 MINEXTENTS 1 MAXEXTENTS 2147483645
  PCTINCREASE 0 FREELISTS 1 FREELIST GROUPS 1
  BUFFER_POOL DEFAULT FLASH_CACHE DEFAULT CELL_FLASH_CACHE DEFAULT)
  TABLESPACE "USERS"  ENABLE;
--------------------------------------------------------
--  Constraints for Table CONNECTION
--------------------------------------------------------

  ALTER TABLE "SA"."CONNECTION" MODIFY ("STATUS" NOT NULL ENABLE);
  ALTER TABLE "SA"."CONNECTION" ADD CHECK (Status IN ('PENDING','ACCEPTED','IGNORED')) ENABLE;
  ALTER TABLE "SA"."CONNECTION" ADD PRIMARY KEY ("ACTIONID")
  USING INDEX PCTFREE 10 INITRANS 2 MAXTRANS 255 COMPUTE STATISTICS 
  TABLESPACE "USERS"  ENABLE;
--------------------------------------------------------
--  Constraints for Table COMMUNITY_ROLE
--------------------------------------------------------

  ALTER TABLE "SA"."COMMUNITY_ROLE" MODIFY ("USERID" NOT NULL ENABLE);
  ALTER TABLE "SA"."COMMUNITY_ROLE" MODIFY ("COMMUNITYID" NOT NULL ENABLE);
  ALTER TABLE "SA"."COMMUNITY_ROLE" MODIFY ("ROLETYPE" NOT NULL ENABLE);
  ALTER TABLE "SA"."COMMUNITY_ROLE" MODIFY ("OWNERID" NOT NULL ENABLE);
  ALTER TABLE "SA"."COMMUNITY_ROLE" ADD CHECK (RoleType IN ('ADMIN','MODERATOR','EDITOR')) ENABLE;
  ALTER TABLE "SA"."COMMUNITY_ROLE" ADD CONSTRAINT "COMMUNITYROLE_PK" PRIMARY KEY ("USERID", "COMMUNITYID")
  USING INDEX PCTFREE 10 INITRANS 2 MAXTRANS 255 COMPUTE STATISTICS 
  TABLESPACE "USERS"  ENABLE;
--------------------------------------------------------
--  Constraints for Table FOLLOW
--------------------------------------------------------

  ALTER TABLE "SA"."FOLLOW" ADD PRIMARY KEY ("ACTIONID")
  USING INDEX PCTFREE 10 INITRANS 2 MAXTRANS 255 COMPUTE STATISTICS 
  TABLESPACE "USERS"  ENABLE;
--------------------------------------------------------
--  Constraints for Table EXPERIENCE
--------------------------------------------------------

  ALTER TABLE "SA"."EXPERIENCE" ADD PRIMARY KEY ("PROFILEINFOID", "PROFILEID")
  USING INDEX PCTFREE 10 INITRANS 2 MAXTRANS 255 COMPUTE STATISTICS 
  STORAGE(INITIAL 65536 NEXT 1048576 MINEXTENTS 1 MAXEXTENTS 2147483645
  PCTINCREASE 0 FREELISTS 1 FREELIST GROUPS 1
  BUFFER_POOL DEFAULT FLASH_CACHE DEFAULT CELL_FLASH_CACHE DEFAULT)
  TABLESPACE "USERS"  ENABLE;
--------------------------------------------------------
--  Constraints for Table USER_REPORT
--------------------------------------------------------

  ALTER TABLE "SA"."USER_REPORT" MODIFY ("REASON" NOT NULL ENABLE);
  ALTER TABLE "SA"."USER_REPORT" ADD PRIMARY KEY ("ACTIONID")
  USING INDEX PCTFREE 10 INITRANS 2 MAXTRANS 255 COMPUTE STATISTICS 
  TABLESPACE "USERS"  ENABLE;
--------------------------------------------------------
--  Constraints for Table PROFILE_INFO
--------------------------------------------------------

  ALTER TABLE "SA"."PROFILE_INFO" ADD CHECK (ProfileInfoType IN('LANGUAGE','SCHOOL','EXPERIENCE','SKILL')) ENABLE;
  ALTER TABLE "SA"."PROFILE_INFO" ADD PRIMARY KEY ("PROFILEINFOID", "PROFILEID")
  USING INDEX PCTFREE 10 INITRANS 2 MAXTRANS 255 COMPUTE STATISTICS 
  STORAGE(INITIAL 65536 NEXT 1048576 MINEXTENTS 1 MAXEXTENTS 2147483645
  PCTINCREASE 0 FREELISTS 1 FREELIST GROUPS 1
  BUFFER_POOL DEFAULT FLASH_CACHE DEFAULT CELL_FLASH_CACHE DEFAULT)
  TABLESPACE "USERS"  ENABLE;
--------------------------------------------------------
--  Constraints for Table CREATOR_PROFILE
--------------------------------------------------------

  ALTER TABLE "SA"."CREATOR_PROFILE" ADD CHECK (ProfileType IN('USER','COMPANY','GROUP')) ENABLE;
  ALTER TABLE "SA"."CREATOR_PROFILE" ADD PRIMARY KEY ("PROFILEID")
  USING INDEX PCTFREE 10 INITRANS 2 MAXTRANS 255 COMPUTE STATISTICS 
  STORAGE(INITIAL 65536 NEXT 1048576 MINEXTENTS 1 MAXEXTENTS 2147483645
  PCTINCREASE 0 FREELISTS 1 FREELIST GROUPS 1
  BUFFER_POOL DEFAULT FLASH_CACHE DEFAULT CELL_FLASH_CACHE DEFAULT)
  TABLESPACE "USERS"  ENABLE;
--------------------------------------------------------
--  Constraints for Table ADS
--------------------------------------------------------

  ALTER TABLE "SA"."ADS" MODIFY ("TEXT" NOT NULL ENABLE);
  ALTER TABLE "SA"."ADS" MODIFY ("AGE" NOT NULL ENABLE);
  ALTER TABLE "SA"."ADS" MODIFY ("STARTDATE" NOT NULL ENABLE);
  ALTER TABLE "SA"."ADS" MODIFY ("ENDDATE" NOT NULL ENABLE);
  ALTER TABLE "SA"."ADS" MODIFY ("PAYMENTTYPE" NOT NULL ENABLE);
  ALTER TABLE "SA"."ADS" MODIFY ("PRICE" NOT NULL ENABLE);
  ALTER TABLE "SA"."ADS" MODIFY ("PAYORSSN" NOT NULL ENABLE);
  ALTER TABLE "SA"."ADS" MODIFY ("CREATORID" NOT NULL ENABLE);
  ALTER TABLE "SA"."ADS" ADD CHECK (Age IN ('YOUNG','ADULT')) ENABLE;
  ALTER TABLE "SA"."ADS" ADD CHECK (PaymentType IN ('CREDITCARD','PAYPAL')) ENABLE;
  ALTER TABLE "SA"."ADS" ADD PRIMARY KEY ("ADVERTISEMENTID")
  USING INDEX PCTFREE 10 INITRANS 2 MAXTRANS 255 COMPUTE STATISTICS 
  TABLESPACE "USERS"  ENABLE;
--------------------------------------------------------
--  Constraints for Table SKILL
--------------------------------------------------------

  ALTER TABLE "SA"."SKILL" ADD PRIMARY KEY ("PROFILEINFOID", "PROFILEID")
  USING INDEX PCTFREE 10 INITRANS 2 MAXTRANS 255 COMPUTE STATISTICS 
  STORAGE(INITIAL 65536 NEXT 1048576 MINEXTENTS 1 MAXEXTENTS 2147483645
  PCTINCREASE 0 FREELISTS 1 FREELIST GROUPS 1
  BUFFER_POOL DEFAULT FLASH_CACHE DEFAULT CELL_FLASH_CACHE DEFAULT)
  TABLESPACE "USERS"  ENABLE;
--------------------------------------------------------
--  Constraints for Table PROFILE_INFO_LANGUAGE
--------------------------------------------------------

  ALTER TABLE "SA"."PROFILE_INFO_LANGUAGE" ADD CHECK (LanguageLevel IN ('A1', 'A2', 'B1', 'B2', 'C1', 'C2')) ENABLE;
  ALTER TABLE "SA"."PROFILE_INFO_LANGUAGE" ADD PRIMARY KEY ("PROFILEINFOID", "PROFILEID")
  USING INDEX PCTFREE 10 INITRANS 2 MAXTRANS 255 COMPUTE STATISTICS 
  TABLESPACE "USERS"  ENABLE;
--------------------------------------------------------
--  Constraints for Table CREATOR
--------------------------------------------------------

  ALTER TABLE "SA"."CREATOR" ADD PRIMARY KEY ("CREATORID")
  USING INDEX PCTFREE 10 INITRANS 2 MAXTRANS 255 COMPUTE STATISTICS 
  STORAGE(INITIAL 65536 NEXT 1048576 MINEXTENTS 1 MAXEXTENTS 2147483645
  PCTINCREASE 0 FREELISTS 1 FREELIST GROUPS 1
  BUFFER_POOL DEFAULT FLASH_CACHE DEFAULT CELL_FLASH_CACHE DEFAULT)
  TABLESPACE "USERS"  ENABLE;
--------------------------------------------------------
--  Constraints for Table CITY
--------------------------------------------------------

  ALTER TABLE "SA"."CITY" MODIFY ("CITYNAME" NOT NULL ENABLE);
  ALTER TABLE "SA"."CITY" ADD CONSTRAINT "CITY_PK" PRIMARY KEY ("COUNTRYCODE", "CITYNAME")
  USING INDEX PCTFREE 10 INITRANS 2 MAXTRANS 255 COMPUTE STATISTICS 
  STORAGE(INITIAL 65536 NEXT 1048576 MINEXTENTS 1 MAXEXTENTS 2147483645
  PCTINCREASE 0 FREELISTS 1 FREELIST GROUPS 1
  BUFFER_POOL DEFAULT FLASH_CACHE DEFAULT CELL_FLASH_CACHE DEFAULT)
  TABLESPACE "USERS"  ENABLE;
--------------------------------------------------------
--  Constraints for Table HASHTAG
--------------------------------------------------------

  ALTER TABLE "SA"."HASHTAG" MODIFY ("HASHTAGNAME" NOT NULL ENABLE);
  ALTER TABLE "SA"."HASHTAG" ADD PRIMARY KEY ("HASHTAGNAME")
  USING INDEX PCTFREE 10 INITRANS 2 MAXTRANS 255 COMPUTE STATISTICS 
  STORAGE(INITIAL 65536 NEXT 1048576 MINEXTENTS 1 MAXEXTENTS 2147483645
  PCTINCREASE 0 FREELISTS 1 FREELIST GROUPS 1
  BUFFER_POOL DEFAULT FLASH_CACHE DEFAULT CELL_FLASH_CACHE DEFAULT)
  TABLESPACE "USERS"  ENABLE;
--------------------------------------------------------
--  Constraints for Table ENDORSE
--------------------------------------------------------

  ALTER TABLE "SA"."ENDORSE" ADD CHECK (Rating IN('GOOD','VERY GOOD','EXCELLENT')) ENABLE;
--------------------------------------------------------
--  Constraints for Table ACTION_VIEW
--------------------------------------------------------

  ALTER TABLE "SA"."ACTION_VIEW" ADD PRIMARY KEY ("ACTIONID")
  USING INDEX PCTFREE 10 INITRANS 2 MAXTRANS 255 COMPUTE STATISTICS 
  STORAGE(INITIAL 65536 NEXT 1048576 MINEXTENTS 1 MAXEXTENTS 2147483645
  PCTINCREASE 0 FREELISTS 1 FREELIST GROUPS 1
  BUFFER_POOL DEFAULT FLASH_CACHE DEFAULT CELL_FLASH_CACHE DEFAULT)
  TABLESPACE "USERS"  ENABLE;
--------------------------------------------------------
--  Constraints for Table JOB_ANNOUNCEMENT
--------------------------------------------------------

  ALTER TABLE "SA"."JOB_ANNOUNCEMENT" MODIFY ("TEXT" NOT NULL ENABLE);
  ALTER TABLE "SA"."JOB_ANNOUNCEMENT" MODIFY ("ANNOUNCEMENTDATE" NOT NULL ENABLE);
  ALTER TABLE "SA"."JOB_ANNOUNCEMENT" MODIFY ("DEADLINE" NOT NULL ENABLE);
  ALTER TABLE "SA"."JOB_ANNOUNCEMENT" MODIFY ("WORKTYPE" NOT NULL ENABLE);
  ALTER TABLE "SA"."JOB_ANNOUNCEMENT" MODIFY ("CREATORID" NOT NULL ENABLE);
  ALTER TABLE "SA"."JOB_ANNOUNCEMENT" ADD CHECK (WorkType IN ('FULLTIME','PARTTIME','INTERN')) ENABLE;
  ALTER TABLE "SA"."JOB_ANNOUNCEMENT" ADD PRIMARY KEY ("ADVERTISEMENTID")
  USING INDEX PCTFREE 10 INITRANS 2 MAXTRANS 255 COMPUTE STATISTICS 
  STORAGE(INITIAL 65536 NEXT 1048576 MINEXTENTS 1 MAXEXTENTS 2147483645
  PCTINCREASE 0 FREELISTS 1 FREELIST GROUPS 1
  BUFFER_POOL DEFAULT FLASH_CACHE DEFAULT CELL_FLASH_CACHE DEFAULT)
  TABLESPACE "USERS"  ENABLE;
--------------------------------------------------------
--  Constraints for Table GROUP_PROFILE
--------------------------------------------------------

  ALTER TABLE "SA"."GROUP_PROFILE" MODIFY ("GROUPRULES" NOT NULL ENABLE);
  ALTER TABLE "SA"."GROUP_PROFILE" ADD PRIMARY KEY ("PROFILEID")
  USING INDEX PCTFREE 10 INITRANS 2 MAXTRANS 255 COMPUTE STATISTICS 
  TABLESPACE "USERS"  ENABLE;
--------------------------------------------------------
--  Constraints for Table MEDIA
--------------------------------------------------------

  ALTER TABLE "SA"."MEDIA" ADD PRIMARY KEY ("POSTACTIONID", "MEDIAURL")
  USING INDEX PCTFREE 10 INITRANS 2 MAXTRANS 255 COMPUTE STATISTICS 
  STORAGE(INITIAL 65536 NEXT 1048576 MINEXTENTS 1 MAXEXTENTS 2147483645
  PCTINCREASE 0 FREELISTS 1 FREELIST GROUPS 1
  BUFFER_POOL DEFAULT FLASH_CACHE DEFAULT CELL_FLASH_CACHE DEFAULT)
  TABLESPACE "USERS"  ENABLE;
--------------------------------------------------------
--  Constraints for Table JOB_APPLY
--------------------------------------------------------

  ALTER TABLE "SA"."JOB_APPLY" ADD PRIMARY KEY ("ADVERTISEMENTID", "USERID")
  USING INDEX PCTFREE 10 INITRANS 2 MAXTRANS 255 COMPUTE STATISTICS 
  STORAGE(INITIAL 65536 NEXT 1048576 MINEXTENTS 1 MAXEXTENTS 2147483645
  PCTINCREASE 0 FREELISTS 1 FREELIST GROUPS 1
  BUFFER_POOL DEFAULT FLASH_CACHE DEFAULT CELL_FLASH_CACHE DEFAULT)
  TABLESPACE "USERS"  ENABLE;
--------------------------------------------------------
--  Constraints for Table COMPANY_PROFILE
--------------------------------------------------------

  ALTER TABLE "SA"."COMPANY_PROFILE" MODIFY ("WEBSITE" NOT NULL ENABLE);
  ALTER TABLE "SA"."COMPANY_PROFILE" MODIFY ("EMAIL" NOT NULL ENABLE);
  ALTER TABLE "SA"."COMPANY_PROFILE" MODIFY ("HEADQUARTER" NOT NULL ENABLE);
  ALTER TABLE "SA"."COMPANY_PROFILE" ADD PRIMARY KEY ("PROFILEID")
  USING INDEX PCTFREE 10 INITRANS 2 MAXTRANS 255 COMPUTE STATISTICS 
  TABLESPACE "USERS"  ENABLE;
--------------------------------------------------------
--  Constraints for Table LINKEDIN_GROUP
--------------------------------------------------------

  ALTER TABLE "SA"."LINKEDIN_GROUP" ADD PRIMARY KEY ("COMMUNITYID", "USERID")
  USING INDEX PCTFREE 10 INITRANS 2 MAXTRANS 255 COMPUTE STATISTICS 
  TABLESPACE "USERS"  ENABLE;
--------------------------------------------------------
--  Constraints for Table USER_PROFILE
--------------------------------------------------------

  ALTER TABLE "SA"."USER_PROFILE" ADD PRIMARY KEY ("PROFILEID")
  USING INDEX PCTFREE 10 INITRANS 2 MAXTRANS 255 COMPUTE STATISTICS 
  STORAGE(INITIAL 65536 NEXT 1048576 MINEXTENTS 1 MAXEXTENTS 2147483645
  PCTINCREASE 0 FREELISTS 1 FREELIST GROUPS 1
  BUFFER_POOL DEFAULT FLASH_CACHE DEFAULT CELL_FLASH_CACHE DEFAULT)
  TABLESPACE "USERS"  ENABLE;
--------------------------------------------------------
--  Constraints for Table MESSAGE
--------------------------------------------------------

  ALTER TABLE "SA"."MESSAGE" MODIFY ("TEXT" NOT NULL ENABLE);
  ALTER TABLE "SA"."MESSAGE" ADD PRIMARY KEY ("ACTIONID")
  USING INDEX PCTFREE 10 INITRANS 2 MAXTRANS 255 COMPUTE STATISTICS 
  TABLESPACE "USERS"  ENABLE;
--------------------------------------------------------
--  Constraints for Table GROUP_JOIN
--------------------------------------------------------

  ALTER TABLE "SA"."GROUP_JOIN" ADD PRIMARY KEY ("ACTIONID")
  USING INDEX PCTFREE 10 INITRANS 2 MAXTRANS 255 COMPUTE STATISTICS 
  TABLESPACE "USERS"  ENABLE;
--------------------------------------------------------
--  Constraints for Table ACTION
--------------------------------------------------------

  ALTER TABLE "SA"."ACTION" MODIFY ("ACTIONTYPE" NOT NULL ENABLE);
  ALTER TABLE "SA"."ACTION" MODIFY ("CREATORID" NOT NULL ENABLE);
  ALTER TABLE "SA"."ACTION" MODIFY ("DESTINATIONID" NOT NULL ENABLE);
  ALTER TABLE "SA"."ACTION" MODIFY ("ACTIONDATE" NOT NULL ENABLE);
  ALTER TABLE "SA"."ACTION" ADD CHECK (ActionType IN ('VIEW','SEARCH','REPORT','MESSAGE','POST','FOLLOW','LIKE','COMMENT','JOIN','CONNECTION')) ENABLE;
  ALTER TABLE "SA"."ACTION" ADD PRIMARY KEY ("ACTIONID")
  USING INDEX PCTFREE 10 INITRANS 2 MAXTRANS 255 COMPUTE STATISTICS 
  STORAGE(INITIAL 65536 NEXT 1048576 MINEXTENTS 1 MAXEXTENTS 2147483645
  PCTINCREASE 0 FREELISTS 1 FREELIST GROUPS 1
  BUFFER_POOL DEFAULT FLASH_CACHE DEFAULT CELL_FLASH_CACHE DEFAULT)
  TABLESPACE "USERS"  ENABLE;
--------------------------------------------------------
--  Ref Constraints for Table ACTION
--------------------------------------------------------

  ALTER TABLE "SA"."ACTION" ADD CONSTRAINT "ACTION_FK" FOREIGN KEY ("DESTINATIONID")
	  REFERENCES "SA"."EFFECTED" ("EFFECTEDID") ON DELETE CASCADE ENABLE;
  ALTER TABLE "SA"."ACTION" ADD CONSTRAINT "ACTION_FK_2" FOREIGN KEY ("CREATORID")
	  REFERENCES "SA"."CREATOR" ("CREATORID") ON DELETE CASCADE ENABLE;
--------------------------------------------------------
--  Ref Constraints for Table ACTION_SEARCH
--------------------------------------------------------

  ALTER TABLE "SA"."ACTION_SEARCH" ADD CONSTRAINT "ACTION_SEARCH_FK" FOREIGN KEY ("ACTIONID")
	  REFERENCES "SA"."ACTION" ("ACTIONID") ON DELETE CASCADE ENABLE;
--------------------------------------------------------
--  Ref Constraints for Table ACTION_VIEW
--------------------------------------------------------

  ALTER TABLE "SA"."ACTION_VIEW" ADD CONSTRAINT "VIEW_FK" FOREIGN KEY ("ACTIONID")
	  REFERENCES "SA"."ACTION" ("ACTIONID") ON DELETE CASCADE ENABLE;
--------------------------------------------------------
--  Ref Constraints for Table ADS
--------------------------------------------------------

  ALTER TABLE "SA"."ADS" ADD CONSTRAINT "ADS_FK1" FOREIGN KEY ("CREATORID")
	  REFERENCES "SA"."CREATOR" ("CREATORID") ON DELETE CASCADE ENABLE;
--------------------------------------------------------
--  Ref Constraints for Table ARTICLE
--------------------------------------------------------

  ALTER TABLE "SA"."ARTICLE" ADD CONSTRAINT "ARTICLE_FK" FOREIGN KEY ("USERID")
	  REFERENCES "SA"."LINKEDIN_USER" ("USERID") ON DELETE CASCADE ENABLE;
--------------------------------------------------------
--  Ref Constraints for Table BOOKMARK
--------------------------------------------------------

  ALTER TABLE "SA"."BOOKMARK" ADD CONSTRAINT "BOOKMARK_FK" FOREIGN KEY ("USERID")
	  REFERENCES "SA"."LINKEDIN_USER" ("USERID") ON DELETE CASCADE ENABLE;
  ALTER TABLE "SA"."BOOKMARK" ADD CONSTRAINT "BOOKMARK_FK2" FOREIGN KEY ("ADVERTISEMENTID")
	  REFERENCES "SA"."JOB_ANNOUNCEMENT" ("ADVERTISEMENTID") ON DELETE CASCADE ENABLE;
--------------------------------------------------------
--  Ref Constraints for Table CITY
--------------------------------------------------------

  ALTER TABLE "SA"."CITY" ADD CONSTRAINT "CITY_FK" FOREIGN KEY ("COUNTRYCODE")
	  REFERENCES "SA"."COUNTRY" ("CODE") ON DELETE CASCADE ENABLE;
--------------------------------------------------------
--  Ref Constraints for Table COMMUNITY
--------------------------------------------------------

  ALTER TABLE "SA"."COMMUNITY" ADD CONSTRAINT "COMMUNITY_FK" FOREIGN KEY ("USERID")
	  REFERENCES "SA"."LINKEDIN_USER" ("USERID") ON DELETE CASCADE ENABLE;
  ALTER TABLE "SA"."COMMUNITY" ADD CONSTRAINT "COMMUNITY_FK2" FOREIGN KEY ("CREATORID")
	  REFERENCES "SA"."CREATOR" ("CREATORID") ON DELETE CASCADE ENABLE;
--------------------------------------------------------
--  Ref Constraints for Table COMMUNITY_HAS_CATEGORY
--------------------------------------------------------

  ALTER TABLE "SA"."COMMUNITY_HAS_CATEGORY" ADD CONSTRAINT "COMMUNITY_HAS_CATEGORY_FK" FOREIGN KEY ("COMMUNITYID", "USERID")
	  REFERENCES "SA"."COMMUNITY" ("COMMUNITYID", "USERID") ON DELETE CASCADE ENABLE;
  ALTER TABLE "SA"."COMMUNITY_HAS_CATEGORY" ADD CONSTRAINT "COMMUNITY_HAS_CATEGORY_FK2" FOREIGN KEY ("CATEGORYNAME")
	  REFERENCES "SA"."COMMUNITY_CATEGORY" ("CATEGORYNAME") ON DELETE CASCADE ENABLE;
--------------------------------------------------------
--  Ref Constraints for Table COMMUNITY_ROLE
--------------------------------------------------------

  ALTER TABLE "SA"."COMMUNITY_ROLE" ADD CONSTRAINT "COMMUNITY_ROLE_FK" FOREIGN KEY ("OWNERID")
	  REFERENCES "SA"."LINKEDIN_USER" ("USERID") ON DELETE CASCADE ENABLE;
  ALTER TABLE "SA"."COMMUNITY_ROLE" ADD CONSTRAINT "COMMUNITY_ROLE_FK2" FOREIGN KEY ("COMMUNITYID", "USERID")
	  REFERENCES "SA"."COMMUNITY" ("COMMUNITYID", "USERID") ON DELETE CASCADE ENABLE;
--------------------------------------------------------
--  Ref Constraints for Table COMPANY
--------------------------------------------------------

  ALTER TABLE "SA"."COMPANY" ADD CONSTRAINT "COMPANY_FK" FOREIGN KEY ("COMMUNITYID", "USERID")
	  REFERENCES "SA"."COMMUNITY" ("COMMUNITYID", "USERID") ON DELETE CASCADE ENABLE;
--------------------------------------------------------
--  Ref Constraints for Table COMPANY_PROFILE
--------------------------------------------------------

  ALTER TABLE "SA"."COMPANY_PROFILE" ADD CONSTRAINT "COMPANY_PROFILE_FK1" FOREIGN KEY ("PROFILEID")
	  REFERENCES "SA"."CREATOR_PROFILE" ("PROFILEID") ON DELETE CASCADE ENABLE;
--------------------------------------------------------
--  Ref Constraints for Table COMPANY_SETTINGS
--------------------------------------------------------

  ALTER TABLE "SA"."COMPANY_SETTINGS" ADD CONSTRAINT "COMPANY_SETTINGS_FK" FOREIGN KEY ("CREATORID")
	  REFERENCES "SA"."CREATOR" ("CREATORID") ON DELETE CASCADE ENABLE;
--------------------------------------------------------
--  Ref Constraints for Table CONNECTION
--------------------------------------------------------

  ALTER TABLE "SA"."CONNECTION" ADD CONSTRAINT "CONNECTION_FK" FOREIGN KEY ("ACTIONID")
	  REFERENCES "SA"."ACTION" ("ACTIONID") ON DELETE CASCADE ENABLE;
--------------------------------------------------------
--  Ref Constraints for Table CREATOR
--------------------------------------------------------

  ALTER TABLE "SA"."CREATOR" ADD CONSTRAINT "CREATOR_FK" FOREIGN KEY ("EFFECTEDID")
	  REFERENCES "SA"."EFFECTED" ("EFFECTEDID") ON DELETE CASCADE ENABLE;
--------------------------------------------------------
--  Ref Constraints for Table CREATOR_COMMENT
--------------------------------------------------------

  ALTER TABLE "SA"."CREATOR_COMMENT" ADD CONSTRAINT "CREATOR_COMMENT_FK" FOREIGN KEY ("ACTIONID")
	  REFERENCES "SA"."ACTION" ("ACTIONID") ON DELETE CASCADE ENABLE;
  ALTER TABLE "SA"."CREATOR_COMMENT" ADD CONSTRAINT "CREATOR_COMMENT_FK2" FOREIGN KEY ("EFFECTEDID")
	  REFERENCES "SA"."EFFECTED" ("EFFECTEDID") ON DELETE CASCADE ENABLE;
--------------------------------------------------------
--  Ref Constraints for Table CREATOR_LIKE
--------------------------------------------------------

  ALTER TABLE "SA"."CREATOR_LIKE" ADD CONSTRAINT "CREATOR_LIKE_FK" FOREIGN KEY ("ACTIONID")
	  REFERENCES "SA"."ACTION" ("ACTIONID") ON DELETE CASCADE ENABLE;
--------------------------------------------------------
--  Ref Constraints for Table CREATOR_NOTIFICATION
--------------------------------------------------------

  ALTER TABLE "SA"."CREATOR_NOTIFICATION" ADD CONSTRAINT "CREATOR_NOTIFICATION_FK" FOREIGN KEY ("CREATORID")
	  REFERENCES "SA"."CREATOR" ("CREATORID") ON DELETE CASCADE ENABLE;
  ALTER TABLE "SA"."CREATOR_NOTIFICATION" ADD CONSTRAINT "CREATOR_NOTIFICATION_FK2" FOREIGN KEY ("ACTIONID")
	  REFERENCES "SA"."ACTION" ("ACTIONID") ON DELETE CASCADE ENABLE;
--------------------------------------------------------
--  Ref Constraints for Table CREATOR_PROFILE
--------------------------------------------------------

  ALTER TABLE "SA"."CREATOR_PROFILE" ADD CONSTRAINT "CREATOR_PROFILE_FK" FOREIGN KEY ("CREATORID")
	  REFERENCES "SA"."CREATOR" ("CREATORID") ON DELETE CASCADE ENABLE;
  ALTER TABLE "SA"."CREATOR_PROFILE" ADD CONSTRAINT "CREATOR_PROFILE_FK2" FOREIGN KEY ("COUNTRYCODE", "CITYNAME")
	  REFERENCES "SA"."CITY" ("COUNTRYCODE", "CITYNAME") ON DELETE SET NULL ENABLE;
--------------------------------------------------------
--  Ref Constraints for Table ENDORSE
--------------------------------------------------------

  ALTER TABLE "SA"."ENDORSE" ADD CONSTRAINT "ENDORSE_FK" FOREIGN KEY ("SKILLINFOID", "SKILLPROFILEID")
	  REFERENCES "SA"."SKILL" ("PROFILEINFOID", "PROFILEID") ON DELETE CASCADE ENABLE;
  ALTER TABLE "SA"."ENDORSE" ADD CONSTRAINT "ENDORSE_FK2" FOREIGN KEY ("USERID")
	  REFERENCES "SA"."LINKEDIN_USER" ("USERID") ON DELETE CASCADE ENABLE;
--------------------------------------------------------
--  Ref Constraints for Table EXPERIENCE
--------------------------------------------------------

  ALTER TABLE "SA"."EXPERIENCE" ADD CONSTRAINT "EXPERIENCE_FK" FOREIGN KEY ("PROFILEINFOID", "PROFILEID")
	  REFERENCES "SA"."PROFILE_INFO" ("PROFILEINFOID", "PROFILEID") ON DELETE CASCADE ENABLE;
--------------------------------------------------------
--  Ref Constraints for Table FOLLOW
--------------------------------------------------------

  ALTER TABLE "SA"."FOLLOW" ADD CONSTRAINT "FOLLOW_FK" FOREIGN KEY ("ACTIONID")
	  REFERENCES "SA"."ACTION" ("ACTIONID") ON DELETE CASCADE ENABLE;
--------------------------------------------------------
--  Ref Constraints for Table GROUP_JOIN
--------------------------------------------------------

  ALTER TABLE "SA"."GROUP_JOIN" ADD CONSTRAINT "GROUP_JOIN_FK" FOREIGN KEY ("ACTIONID")
	  REFERENCES "SA"."ACTION" ("ACTIONID") ON DELETE CASCADE ENABLE;
--------------------------------------------------------
--  Ref Constraints for Table GROUP_PROFILE
--------------------------------------------------------

  ALTER TABLE "SA"."GROUP_PROFILE" ADD CONSTRAINT "GROUP_PROFILE_FK1" FOREIGN KEY ("PROFILEID")
	  REFERENCES "SA"."CREATOR_PROFILE" ("PROFILEID") ON DELETE CASCADE ENABLE;
--------------------------------------------------------
--  Ref Constraints for Table GROUP_SETTINGS
--------------------------------------------------------

  ALTER TABLE "SA"."GROUP_SETTINGS" ADD CONSTRAINT "GROUP_SETTINGS_FK" FOREIGN KEY ("CREATORID")
	  REFERENCES "SA"."CREATOR" ("CREATORID") ON DELETE CASCADE ENABLE;
--------------------------------------------------------
--  Ref Constraints for Table JOB_ANNOUNCEMENT
--------------------------------------------------------

  ALTER TABLE "SA"."JOB_ANNOUNCEMENT" ADD CONSTRAINT "JOB_FK1" FOREIGN KEY ("CREATORID")
	  REFERENCES "SA"."CREATOR" ("CREATORID") ON DELETE CASCADE ENABLE;
--------------------------------------------------------
--  Ref Constraints for Table JOB_APPLY
--------------------------------------------------------

  ALTER TABLE "SA"."JOB_APPLY" ADD CONSTRAINT "JOB_APPLY_FK" FOREIGN KEY ("ADVERTISEMENTID")
	  REFERENCES "SA"."JOB_ANNOUNCEMENT" ("ADVERTISEMENTID") ON DELETE CASCADE ENABLE;
  ALTER TABLE "SA"."JOB_APPLY" ADD CONSTRAINT "JOB_APPLY_FK2" FOREIGN KEY ("USERID")
	  REFERENCES "SA"."LINKEDIN_USER" ("USERID") ON DELETE CASCADE ENABLE;
--------------------------------------------------------
--  Ref Constraints for Table LINKEDIN_GROUP
--------------------------------------------------------

  ALTER TABLE "SA"."LINKEDIN_GROUP" ADD CONSTRAINT "LINKEDIN_GROUP_FK" FOREIGN KEY ("COMMUNITYID", "USERID")
	  REFERENCES "SA"."COMMUNITY" ("COMMUNITYID", "USERID") ON DELETE CASCADE ENABLE;
--------------------------------------------------------
--  Ref Constraints for Table LINKEDIN_USER
--------------------------------------------------------

  ALTER TABLE "SA"."LINKEDIN_USER" ADD CONSTRAINT "LINKEDIN_USER_FK" FOREIGN KEY ("CREATORID")
	  REFERENCES "SA"."CREATOR" ("CREATORID") ON DELETE CASCADE ENABLE;
--------------------------------------------------------
--  Ref Constraints for Table MEDIA
--------------------------------------------------------

  ALTER TABLE "SA"."MEDIA" ADD CONSTRAINT "MEDIA_FK" FOREIGN KEY ("POSTACTIONID")
	  REFERENCES "SA"."POST" ("ACTIONID") ON DELETE CASCADE ENABLE;
--------------------------------------------------------
--  Ref Constraints for Table MESSAGE
--------------------------------------------------------

  ALTER TABLE "SA"."MESSAGE" ADD CONSTRAINT "MESSAGE_FK" FOREIGN KEY ("ACTIONID")
	  REFERENCES "SA"."ACTION" ("ACTIONID") ON DELETE CASCADE ENABLE;
--------------------------------------------------------
--  Ref Constraints for Table POST
--------------------------------------------------------

  ALTER TABLE "SA"."POST" ADD CONSTRAINT "POST_FK" FOREIGN KEY ("ACTIONID")
	  REFERENCES "SA"."ACTION" ("ACTIONID") ON DELETE CASCADE ENABLE;
  ALTER TABLE "SA"."POST" ADD CONSTRAINT "POST_FK2" FOREIGN KEY ("EFFECTEDID")
	  REFERENCES "SA"."EFFECTED" ("EFFECTEDID") ON DELETE SET NULL ENABLE;
  ALTER TABLE "SA"."POST" ADD CONSTRAINT "POST_FK3" FOREIGN KEY ("PARENTID")
	  REFERENCES "SA"."POST" ("ACTIONID") ON DELETE SET NULL ENABLE;
--------------------------------------------------------
--  Ref Constraints for Table POST_CONTAINS_HASHTAG
--------------------------------------------------------

  ALTER TABLE "SA"."POST_CONTAINS_HASHTAG" ADD CONSTRAINT "POST_CONTAINS_HASTAG_FK" FOREIGN KEY ("ACTIONID")
	  REFERENCES "SA"."POST" ("ACTIONID") ON DELETE CASCADE ENABLE;
  ALTER TABLE "SA"."POST_CONTAINS_HASHTAG" ADD CONSTRAINT "POST_CONTAINS_HASTAG_FK2" FOREIGN KEY ("HASHTAGNAME")
	  REFERENCES "SA"."HASHTAG" ("HASHTAGNAME") ON DELETE CASCADE ENABLE;
--------------------------------------------------------
--  Ref Constraints for Table PROFILE_INFO
--------------------------------------------------------

  ALTER TABLE "SA"."PROFILE_INFO" ADD CONSTRAINT "PROFILE_INFO_FK" FOREIGN KEY ("PROFILEID")
	  REFERENCES "SA"."USER_PROFILE" ("PROFILEID") ON DELETE CASCADE ENABLE;
--------------------------------------------------------
--  Ref Constraints for Table PROFILE_INFO_LANGUAGE
--------------------------------------------------------

  ALTER TABLE "SA"."PROFILE_INFO_LANGUAGE" ADD CONSTRAINT "PROFILE_INFO_LANGUAGE_FK" FOREIGN KEY ("PROFILEINFOID", "PROFILEID")
	  REFERENCES "SA"."PROFILE_INFO" ("PROFILEINFOID", "PROFILEID") ON DELETE CASCADE ENABLE;
--------------------------------------------------------
--  Ref Constraints for Table RECOMMENDATION
--------------------------------------------------------

  ALTER TABLE "SA"."RECOMMENDATION" ADD CONSTRAINT "RECOMMENDATION_FK" FOREIGN KEY ("FROMUSERID")
	  REFERENCES "SA"."LINKEDIN_USER" ("USERID") ON DELETE CASCADE ENABLE;
  ALTER TABLE "SA"."RECOMMENDATION" ADD CONSTRAINT "RECOMMENDATION_FK2" FOREIGN KEY ("TOUSERID")
	  REFERENCES "SA"."LINKEDIN_USER" ("USERID") ON DELETE CASCADE ENABLE;
--------------------------------------------------------
--  Ref Constraints for Table SCHOOL
--------------------------------------------------------

  ALTER TABLE "SA"."SCHOOL" ADD CONSTRAINT "SCHOOL_FK" FOREIGN KEY ("PROFILEINFOID", "PROFILEID")
	  REFERENCES "SA"."PROFILE_INFO" ("PROFILEINFOID", "PROFILEID") ON DELETE CASCADE ENABLE;
--------------------------------------------------------
--  Ref Constraints for Table SKILL
--------------------------------------------------------

  ALTER TABLE "SA"."SKILL" ADD CONSTRAINT "SKILL_FK" FOREIGN KEY ("PROFILEINFOID", "PROFILEID")
	  REFERENCES "SA"."PROFILE_INFO" ("PROFILEINFOID", "PROFILEID") ON DELETE CASCADE ENABLE;
--------------------------------------------------------
--  Ref Constraints for Table USER_PROFILE
--------------------------------------------------------

  ALTER TABLE "SA"."USER_PROFILE" ADD CONSTRAINT "USER_PROFILE_FK1" FOREIGN KEY ("PROFILEID")
	  REFERENCES "SA"."CREATOR_PROFILE" ("PROFILEID") ON DELETE CASCADE ENABLE;
--------------------------------------------------------
--  Ref Constraints for Table USER_REPORT
--------------------------------------------------------

  ALTER TABLE "SA"."USER_REPORT" ADD CONSTRAINT "USER_REPORT_FK" FOREIGN KEY ("ACTIONID")
	  REFERENCES "SA"."ACTION" ("ACTIONID") ON DELETE CASCADE ENABLE;
--------------------------------------------------------
--  Ref Constraints for Table USER_SETTINGS
--------------------------------------------------------

  ALTER TABLE "SA"."USER_SETTINGS" ADD CONSTRAINT "USER_SETTINGS_FK" FOREIGN KEY ("CREATORID")
	  REFERENCES "SA"."CREATOR" ("CREATORID") ON DELETE CASCADE ENABLE;
